iso3,country,region,income,year,internet_female,internet_male,gap_diff,gap_ratio,internet_total,gdp_pc_ppp,gdp_pc_const,flfp,sec_enroll_fem_gross,sec_enroll_fem_net,urban_pct,population,gii
AFG,Afghanistan,"Middle East, North Africa, Afghanistan & Pakistan",Low income,2015,NA,NA,NA,NA,8.260000229,2967.692067153,565.569730408751,19.113,37.8227882385254,32.92914,24.4649118421568,33831764,0.683
AFG,Afghanistan,"Middle East, North Africa, Afghanistan & Pakistan",Low income,2016,NA,NA,NA,NA,11,2958.7853992308,563.872336723147,20.156,38.5832786560059,33.81677,24.6588345720126,34700612,0.682
AFG,Afghanistan,"Middle East, North Africa, Afghanistan & Pakistan",Low income,2017,NA,NA,NA,NA,13.5,2952.99891598909,562.769574140988,21.24,39.937858581543,35.12171,24.8352821238871,35688935,0.679
AFG,Afghanistan,"Middle East, North Africa, Afghanistan & Pakistan",Low income,2018,NA,NA,NA,NA,16.799999239999998,2902.39211285546,553.125151688293,19.805,41.3507118225098,36.69527,24.9991645191406,36743039,0.677
AFG,Afghanistan,"Middle East, North Africa, Afghanistan & Pakistan",Low income,2019,NA,NA,NA,NA,17.60000038,2927.2451435353,557.861533207459,18.298,NA,NA,25.1437258839803,37856121,0.676
AFG,Afghanistan,"Middle East, North Africa, Afghanistan & Pakistan",Low income,2020,NA,NA,NA,NA,17.04850006,2769.68574507111,527.834554499306,16.474,NA,NA,25.2622103446137,39068979,0.674
AFG,Afghanistan,"Middle East, North Africa, Afghanistan & Pakistan",Low income,2021,NA,NA,NA,NA,16.51429939,2144.16657002819,408.625855217403,14.616,NA,NA,25.3478620272481,40000412,0.642
AFG,Afghanistan,"Middle East, North Africa, Afghanistan & Pakistan",Low income,2022,NA,NA,NA,NA,15.86629963,1981.71016810561,377.665627080705,5.159,NA,NA,25.3939250580909,40578842,0.665
AFG,Afghanistan,"Middle East, North Africa, Afghanistan & Pakistan",Low income,2023,NA,NA,NA,NA,15.92840004,1983.81261992909,378.06630312259,5.145,45.1596908569336,NA,25.4730529631167,41454761,0.661
AFG,Afghanistan,"Middle East, North Africa, Afghanistan & Pakistan",Low income,2024,NA,NA,NA,NA,16.09499931,1964.45228895456,374.37669620849,5.123,NA,NA,25.7007352636188,42647492,NA
ALB,Albania,Europe & Central Asia,Upper middle income,2015,NA,NA,NA,NA,56.90000153,13876.7616296598,4199.53912925398,47.117,99.0993228142471,87.83338,55.1579291374894,2731293,0.179
ALB,Albania,Europe & Central Asia,Upper middle income,2016,NA,NA,NA,NA,59.59999847,14643.4285614716,4431.55635814168,49.888,96.6560853943559,87.37654,55.5738734464276,2689469,0.162
ALB,Albania,Europe & Central Asia,Upper middle income,2017,NA,NA,NA,NA,62.40000153,15359.3974577025,4648.23078660658,49.736,94.9233468518998,88.46079,55.980276426546,2648285,0.145
ALB,Albania,Europe & Central Asia,Upper middle income,2018,NA,NA,NA,NA,65.40000153,16170.9234325287,4893.82375538717,51.406,95.8495450622985,89.1819,56.377000259892,2607733,0.138
ALB,Albania,Europe & Central Asia,Upper middle income,2019,65.9616,71.1594,5.197800000000001,0.9269555392541252,68.5503911218006,16761.1230178682,5072.43648354739,52.931,95.5375027821055,NA,56.7639071287255,2567801,0.131
ALB,Albania,Europe & Central Asia,Upper middle income,2020,71.2457,73.2383,1.992599999999996,0.972792923920954,72.23767711,16457.7189744991,4980.61699524696,52.252,92.2998271538817,NA,57.1408592155544,2528480,0.125
ALB,Albania,Europe & Central Asia,Upper middle income,2021,78.3496,80.3109,1.9613000000000085,0.9755786574425139,79.32371752,18212.794718288,5511.75743402862,52.523,94.3556604734894,NA,57.5077187031778,2489762,0.109
ALB,Albania,Europe & Central Asia,Upper middle income,2022,81.5432,83.7135,2.1702999999999975,0.9740746713493045,82.61367544,19388.7927279351,5867.65096230557,56.407,93.2280956589459,NA,57.8643477747383,2451636,0.107
ALB,Albania,Europe & Central Asia,Upper middle income,2023,81.7239,84.59,2.866100000000003,0.9661177444142334,83.13559161,20501.6470726741,6204.43525612114,57.963,92.6682931237011,NA,58.2106086137857,2411658,0.107
ALB,Albania,Europe & Central Asia,Upper middle income,2024,NA,NA,NA,NA,85.86389923,21640.9835773271,6549.23387415397,58.154,106.71573638916,NA,58.5463634043555,2377128,NA
DZA,Algeria,"Middle East, North Africa, Afghanistan & Pakistan",Upper middle income,2015,NA,NA,NA,NA,38.20000076,15239.5171456469,4685.05902729002,15.258,NA,NA,70.1433070861612,40019529,0.397
DZA,Algeria,"Middle East, North Africa, Afghanistan & Pakistan",Upper middle income,2016,NA,NA,NA,NA,42.94549942,15511.6858768094,4768.73140081027,15.031,NA,NA,70.7353778263851,40850721,0.392
DZA,Algeria,"Middle East, North Africa, Afghanistan & Pakistan",Upper middle income,2017,NA,NA,NA,NA,47.69110107,15427.6641894713,4742.90075532529,14.919,NA,NA,71.3227912436551,41689299,0.397
DZA,Algeria,"Middle East, North Africa, Afghanistan & Pakistan",Upper middle income,2018,42.8598,55.1302,12.270400000000002,0.7774287051380186,49.0384680793271,15343.4261222434,4717.0035885361,14.801,NA,NA,71.905249845153,42505035,0.383
DZA,Algeria,"Middle East, North Africa, Afghanistan & Pakistan",Upper middle income,2019,NA,NA,NA,NA,55.79069901,15199.1989965639,4672.66408678635,14.677,NA,NA,72.4824561380175,43294546,0.385
DZA,Algeria,"Middle East, North Africa, Afghanistan & Pakistan",Upper middle income,2020,NA,NA,NA,NA,63.47269821,14194.1557479619,4363.68533767783,13.206,NA,NA,73.0541126293395,44042091,0.383
DZA,Algeria,"Middle East, North Africa, Afghanistan & Pakistan",Upper middle income,2021,NA,NA,NA,NA,72.21240234,14496.8654697299,4456.74687637774,13.433,NA,NA,73.6199218261573,44761099,0.442
DZA,Algeria,"Middle East, North Africa, Afghanistan & Pakistan",Upper middle income,2022,NA,NA,NA,NA,74.78150177,14782.2002970247,4544.46688060372,14.331,106.153022766113,NA,74.1795862354514,45477389,0.443
DZA,Algeria,"Middle East, North Africa, Afghanistan & Pakistan",Upper middle income,2023,NA,NA,NA,NA,76.19760132,15159.3242373415,4660.40545687895,14.338,103.220718383789,NA,74.732808364138,46164219,0.443
DZA,Algeria,"Middle East, North Africa, Afghanistan & Pakistan",Upper middle income,2024,NA,NA,NA,NA,77.4178009,15501.9197003966,4765.72900168387,14.306,106.533807793893,NA,75.2792907190618,46814308,NA
AGO,Angola,Sub-Saharan Africa,Lower middle income,2015,NA,NA,NA,NA,22,11389.7609549481,3641.72893920253,73.933,NA,NA,63.51567832685,28157798,0.549
AGO,Angola,Sub-Saharan Africa,Lower middle income,2016,NA,NA,NA,NA,23.200000760000002,10963.9967887173,3505.59634681792,73.697,42.9851256990708,NA,64.2992302517989,29183070,0.544
AGO,Angola,Sub-Saharan Africa,Lower middle income,2017,NA,NA,NA,NA,26,10565.1676483607,3378.07588102598,73.461,NA,NA,65.0850525086068,30234839,0.547
AGO,Angola,Sub-Saharan Africa,Lower middle income,2018,NA,NA,NA,NA,29,10154.8389228005,3246.87857140997,73.224,NA,NA,65.8732136723372,31297155,0.539
AGO,Angola,Sub-Saharan Africa,Lower middle income,2019,NA,NA,NA,NA,32.12939835,9712.97944927269,3105.59971242672,72.985,NA,NA,66.6637823180533,32375632,0.536
AGO,Angola,Sub-Saharan Africa,Lower middle income,2020,NA,NA,NA,NA,33.32089996,8904.94900580168,2847.24241578243,71.342,NA,NA,67.4568270208187,33451132,0.533
AGO,Angola,Sub-Saharan Africa,Lower middle income,2021,NA,NA,NA,NA,34.55649948,8720.18768742123,2788.16737086685,74.695,49.4286274279557,NA,68.2524163556969,34532429,0.532
AGO,Angola,Sub-Saharan Africa,Lower middle income,2022,NA,NA,NA,NA,35.83800125,8750.99363032299,2798.01717317688,74.018,NA,NA,69.0506188977513,35635029,0.524
AGO,Angola,Sub-Saharan Africa,Lower middle income,2023,NA,NA,NA,NA,37.88589859,8597.53878787554,2748.95196954248,72.318,48.1175394651696,NA,69.8515032220457,36749906,0.515
AGO,Angola,Sub-Saharan Africa,Lower middle income,2024,NA,NA,NA,NA,40.70479965,8752.7974709833,2798.59392792708,72.359,NA,NA,70.6551379036435,37885849,NA
ARG,Argentina,Latin America & Caribbean,Upper middle income,2015,NA,NA,NA,NA,68.0430641088122,28669.2061336796,13679.6264980954,47.498,111.491546630859,90.89313,91.4923019108628,43477012,0.338
ARG,Argentina,Latin America & Caribbean,Upper middle income,2016,70.115,71.9057,1.790700000000001,0.9750965500648766,70.9689808206024,27802.1057201498,13265.8860639123,47.582,112.874443054199,92.18343,91.5856817228217,43900313,0.333
ARG,Argentina,Latin America & Caribbean,Upper middle income,2017,73.492,75.1706,1.6785999999999888,0.9776694611989263,74.2949068657957,28334.904184742,13520.1129846159,47.666,113.530090332031,93.0542,91.6776028433824,44288894,0.321
ARG,Argentina,Latin America & Caribbean,Upper middle income,2018,NA,NA,NA,NA,77.7,27367.115094108,13058.3285449954,49.146,112.869537353516,NA,91.7679941327998,44654882,0.301
ARG,Argentina,Latin America & Caribbean,Upper middle income,2019,NA,NA,NA,NA,79.9469520347551,26629.5529419501,12706.3978108968,50,113.60587310791,NA,91.8567844513802,44973465,0.283
ARG,Argentina,Latin America & Caribbean,Upper middle income,2020,NA,NA,NA,NA,85.51438646,23877.0931404855,11393.0505957877,46.486,115.878791809082,NA,91.9439026594897,45191965,0.285
ARG,Argentina,Latin America & Caribbean,Upper middle income,2021,86.5182,87.8221,1.303900000000013,0.985152939863656,87.15070683,26300.274261175,12549.2811699342,50.26,119.181510925293,NA,92.0292776175651,45312281,0.272
ARG,Argentina,Latin America & Caribbean,Upper middle income,2022,88.08,88.69,0.6099999999999994,0.9931221107227421,88.37535691,27825.0273492567,13276.8232110189,51.868,117.566009521484,NA,92.112838186126,45407904,0.262
ARG,Argentina,Latin America & Caribbean,Upper middle income,2023,89.03,89.44,0.4099999999999966,0.9954159212880144,89.22897166,27230.3968496682,12993.0928872416,52.958,107.980730920017,NA,92.1945132257907,45538401,0.264
ARG,Argentina,Latin America & Caribbean,Upper middle income,2024,89.1403,90.222,1.0816999999999979,0.9880106847553812,89.66715228,26771.9657650571,12774.3506596628,52.281,NA,NA,92.2742315972952,45696159,NA
ARM,Armenia,Europe & Central Asia,Upper middle income,2015,57.7535,60.7493,2.9957999999999956,0.9506858515242151,59.1008337674937,13112.7600902915,3512.39350276709,53.826,86.1423797607422,NA,64.4929623431549,3004600,0.301
ARM,Armenia,Europe & Central Asia,Upper middle income,2016,63.3685,65.5478,2.179299999999998,0.9667525073305283,64.3460297653742,13192.9940731731,3533.88503607007,53.881,NA,NA,64.5928753345316,2992300,0.296
ARM,Armenia,Europe & Central Asia,Upper middle income,2017,63.4366,66.3128,2.876199999999997,0.9566267749212822,64.7448843250726,14243.8749003795,3815.3747426037,53.766,NA,NA,64.7124948593667,2979400,0.254
ARM,Armenia,Europe & Central Asia,Upper middle income,2018,66.9034,69.8878,2.9843999999999937,0.9572972679065589,68.2450522610271,15037.0452420712,4027.83393010979,53.631,82.6929233518222,NA,64.8502833795679,2969000,0.242
ARM,Armenia,Europe & Central Asia,Upper middle income,2019,67.2269,65.7869,-1.4399999999999977,1.021888856292058,66.5439496866159,16215.3607965094,4343.45839583019,50.799,86.6098941525282,NA,65.0047033570428,2962500,0.216
ARM,Armenia,Europe & Central Asia,Upper middle income,2020,78.0911,74.7778,-3.313299999999998,1.0443086049602956,76.50770055,15052.9359791136,4032.09043454955,54.317,87.5163440721926,NA,65.174217253699,2961500,0.207
ARM,Armenia,Europe & Central Asia,Upper middle income,2021,81.4003,75.4686,-5.931700000000006,1.0785982514582224,78.61225758,15921.705281964,4264.79961505187,55.118,89.5961159583451,NA,65.3572875314441,2962300,0.185
ARM,Armenia,Europe & Central Asia,Upper middle income,2022,79.3062,74.4122,-4.8940000000000055,1.0657687852260787,77.02767465,17886.1783877168,4791.00481712183,50.24,90.1215425051106,NA,65.5624462874485,2969200,0.18
ARM,Armenia,Europe & Central Asia,Upper middle income,2023,81.8635,77.8794,-3.984099999999998,1.0511573021877416,79.99663036,19402.7510915578,5197.23509013575,51.517,88.2232017685754,NA,65.6956882008852,2964300,0.18
ARM,Armenia,Europe & Central Asia,Upper middle income,2024,NA,NA,NA,NA,81.33930206,20078.7848984844,5378.31799981682,51.586,90.1346954711088,NA,65.8113671449901,3033500,NA
AZE,Azerbaijan,Europe & Central Asia,Upper middle income,2015,73.1986,80.8285,7.629900000000006,0.9056038402296219,77,20678.7539572375,5500.50364628486,61.096,NA,NA,55.1570486328276,9649341,0.341
AZE,Azerbaijan,Europe & Central Asia,Upper middle income,2016,74.7054,81.7143,7.008899999999997,0.9142267632470694,78.2,19822.4105943941,5272.71817141861,62.043,NA,NA,55.7574797205266,9757812,0.328
AZE,Azerbaijan,Europe & Central Asia,Upper middle income,2017,74.9751,83.1188,8.143699999999995,0.9020233689610534,79,19659.0048562768,5229.25259993413,62.213,NA,NA,56.4331887124691,9854033,0.323
AZE,Azerbaijan,Europe & Central Asia,Upper middle income,2018,75.824700000000007,83.8583,8.033599999999993,0.904200299791434,79.7999954887896,19781.8509058437,5261.92938234432,62.63,108.65273695473,88.15416,57.1841534654123,9939771,0.32
AZE,Azerbaijan,Europe & Central Asia,Upper middle income,2019,78.0301,84.2268,6.196699999999993,0.9264284052106931,81.0999990651547,20101.491875147,5346.95318604114,62.441,107.552111988747,NA,58.1308191977779,10024283,0.314
AZE,Azerbaijan,Europe & Central Asia,Upper middle income,2020,82.1961,87.0459,4.849800000000002,0.9442845671076984,84.59999573,19126.096851126,5087.50022783627,64.382,90.4353484324383,NA,58.2934691761937,10093121,0.332
AZE,Azerbaijan,Europe & Central Asia,Upper middle income,2021,83.636,88.4006,4.7646000000000015,0.9461021757770874,85.99998954,20111.3756952109,5349.58226071425,61.174,90.4878029868337,NA,58.3659969744818,10137750,0.315
AZE,Azerbaijan,Europe & Central Asia,Upper middle income,2022,84.4045,91.6778,7.273300000000006,0.9206645447425658,88,21051.2442291612,5599.58524971025,62.165,88.7876201854696,NA,58.4382815854684,10141756,0.317
AZE,Azerbaijan,Europe & Central Asia,Upper middle income,2023,85.3964,92.6833,7.286900000000003,0.9213785007655101,89,21310.7386915022,5668.61021317029,61.748,90.9502304680864,NA,58.5075350483702,10153958,0.315
AZE,Azerbaijan,Europe & Central Asia,Upper middle income,2024,NA,NA,NA,NA,90.43979645,22090.5298026929,5876.03295533913,61.35,89.60752233538,NA,58.573795837717,10202830,NA
BGD,Bangladesh,South Asia,Lower middle income,2015,NA,NA,NA,NA,12.36880016,5352.71133299566,1224.38647668165,33.531,62.5832710266113,63.11644,29.5395099477892,159383179,0.563
BGD,Bangladesh,South Asia,Lower middle income,2016,NA,NA,NA,NA,16.89909935,5682.53553494306,1299.83091360792,33.497,66.9120125277375,68.92778,29.8753915517965,160811932,0.557
BGD,Bangladesh,South Asia,Lower middle income,2017,NA,NA,NA,NA,21.5,6005.70718781048,1373.75363740186,36.676,66.8206080291299,68.87605,30.2015798381799,162186147,0.541
BGD,Bangladesh,South Asia,Lower middle income,2018,NA,NA,NA,NA,25.56509972,6392.59334024091,1462.25050255713,38.056,69.0192069270982,72.27917,30.5175656009959,163523103,0.532
BGD,Bangladesh,South Asia,Lower middle income,2019,NA,NA,NA,NA,30.38310051,6838.32611608243,1564.20802445636,39.33,68.6082490748818,NA,30.8228396343012,164913055,0.52
BGD,Bangladesh,South Asia,Lower middle income,2020,NA,NA,NA,NA,36.10910034,7015.19792797056,1604.6659234742,40.323,71.128750711381,NA,31.1168927321524,166298024,0.5
BGD,Bangladesh,South Asia,Lower middle income,2021,32.6864,45.2526,12.566200000000002,0.7223098783274331,38.91744466,7441.06913961254,1702.08028414189,42.181,75.089641669915,NA,31.3992156886061,167658854,0.494
BGD,Bangladesh,South Asia,Lower middle income,2022,NA,NA,NA,NA,41.61650085,7888.16389098304,1804.3493461776,43.687,72.2731144156835,NA,31.673734726234,169384897,0.487
BGD,Bangladesh,South Asia,Lower middle income,2023,37.3212,51.6665,14.345300000000002,0.7223481366068922,44.50274195,8242.39798977242,1885.37733613545,41.874,71.5461976300242,NA,32.1578465036834,171466990,0.487
BGD,Bangladesh,South Asia,Lower middle income,2024,50.0558,56.8579,6.802100000000003,0.8803666684840629,53.42171316,8486.78495660517,1941.27874360025,38.708,70.4720309842244,NA,32.6783196323307,173562364,NA
BLR,Belarus,Europe & Central Asia,Upper middle income,2015,60.1881,65.1054,4.9173000000000044,0.9244717028080619,62.230360906803,25513.2132958317,5967.05595058777,58.668,102.211121335612,99.13601,76.6263885498047,9461076,0.128
BLR,Belarus,Europe & Central Asia,Upper middle income,2016,70.9127,71.3856,0.47289999999999566,0.9933754146494532,71.1130457603832,24846.8301529359,5811.20159182547,58.75,102.01233919664,NA,76.8458709716797,9469379,0.119
BLR,Belarus,Europe & Central Asia,Upper middle income,2017,74.5505,74.2843,-0.26619999999999777,1.003583529763355,74.4364454136036,25503.9809845207,5964.89668834561,58.591,101.583542654067,96.92706,77.0208206176758,9458989,0.109
BLR,Belarus,Europe & Central Asia,Upper middle income,2018,79.0091,79.291,0.28189999999999316,0.9964447415217365,79.1298866919307,26363.4629778536,6165.91320019277,58.081,100.837960983045,96.18075,77.2132720947266,9438785,0.102
BLR,Belarus,Europe & Central Asia,Upper middle income,2019,83.0301,82.4713,-0.5588000000000051,1.006775690452315,82.7891520910901,26798.8206398076,6267.73508743505,58.277,99.9048197524061,NA,77.4550771852757,9419758,0.096
BLR,Belarus,Europe & Central Asia,Upper middle income,2020,85.7483,84.2388,-1.5095000000000027,1.0179192960963357,85.08791245,26731.4953869922,6251.98898968645,57.884,99.9308910788603,NA,77.7890385790408,9379952,0.094
BLR,Belarus,Europe & Central Asia,Upper middle income,2021,87.5447,85.96,-1.5847000000000122,1.0184353187529085,86.88841196,27611.1801135157,6457.73053706343,58.024,99.8514568766293,NA,78.131086803694,9302585,0.092
BLR,Belarus,Europe & Central Asia,Upper middle income,2022,90.1402,88.6095,-1.530699999999996,1.0172746714517067,89.50733148,26537.5083081674,6206.61909685419,57.892,97.7828329479802,NA,78.4732787892908,9228071,0.088
BLR,Belarus,Europe & Central Asia,Upper middle income,2023,92.1169,90.6503,-1.4665999999999997,1.0161786557794072,91.51249979,27782.4380139967,6497.78450683592,57.417,97.184372562362,NA,78.8146420666327,9178298,0.08
BLR,Belarus,Europe & Central Asia,Upper middle income,2024,94.6534,93.6995,-0.9539000000000044,1.0101804171847235,94.26182128,29135.9465139232,6814.34443423546,57.229,95.0767756373877,NA,79.1551015210848,9132629,NA
BLZ,Belize,Latin America & Caribbean,Upper middle income,2015,NA,NA,NA,NA,41.59000015,12348.7944978311,6154.62264230369,48.253,82.8789389276581,71.03463,43.931184585988,356333,0.429
BLZ,Belize,Latin America & Caribbean,Upper middle income,2016,NA,NA,NA,NA,44.57569885,12063.0600374093,6012.21296983668,49.101,88.9483912761822,73.67771,43.6765514309211,364705,0.44
BLZ,Belize,Latin America & Caribbean,Upper middle income,2017,NA,NA,NA,NA,48.8771019,11572.3007931461,5767.61921963762,48.678,87.3819122314453,72.70522,43.4211086747287,373202,0.464
BLZ,Belize,Latin America & Caribbean,Upper middle income,2018,NA,NA,NA,NA,53.59360123,11451.8979413877,5707.61059954436,54.103,88.364140080516,73.35268,43.164848281502,380226,0.466
BLZ,Belize,Latin America & Caribbean,Upper middle income,2019,NA,NA,NA,NA,58.76520157,11765.9748661176,5864.14611827109,57.096,88.4514778969396,NA,42.9077622153323,385829,0.461
BLZ,Belize,Latin America & Caribbean,Upper middle income,2020,NA,NA,NA,NA,64.43589783,10045.1404163746,5006.48453276935,41.478,87.8505494505495,NA,42.649842440311,390812,0.469
BLZ,Belize,Latin America & Caribbean,Upper middle income,2021,NA,NA,NA,NA,70.65370178,11716.3267818656,5839.40157956017,46.813,90.1186996190982,NA,42.3910809205294,395346,0.436
BLZ,Belize,Latin America & Caribbean,Upper middle income,2022,NA,NA,NA,NA,69.98329926,12565.3645829576,6262.56088273674,43.563,89.0278593037432,NA,42.1373251262137,402733,0.436
BLZ,Belize,Latin America & Caribbean,Upper middle income,2023,NA,NA,NA,NA,70.18720245,12371.0086545348,6165.69414825936,44.076,84.5732792044884,NA,41.9459437504976,411106,0.428
BLZ,Belize,Latin America & Caribbean,Upper middle income,2024,81.712,78.2689,-3.443100000000001,1.043990652736911,80.00582262,12621.4081961897,6290.49294452749,43.833,87.4232987312572,NA,41.7532107338224,417072,NA
BEN,Benin,Sub-Saharan Africa,Lower middle income,2015,NA,NA,NA,NA,11.25500011,2952.00218338705,1002.41886879614,72.007,46.0378799438477,39.81058,45.9407403257663,11360681,0.659
BEN,Benin,Sub-Saharan Africa,Lower middle income,2016,NA,NA,NA,NA,14.5,2962.66381572265,1006.03926633023,72.597,47.7052116394043,NA,46.6094559006664,11697842,0.659
BEN,Benin,Sub-Saharan Africa,Lower middle income,2017,NA,NA,NA,NA,18.7,3041.77929984989,1032.90471194182,73.179,NA,NA,47.2942774880391,12039780,0.656
BEN,Benin,Sub-Saharan Africa,Lower middle income,2018,NA,NA,NA,NA,19,3155.4510650627,1071.50452156932,73.755,NA,NA,47.9952829275963,12383347,0.645
BEN,Benin,Sub-Saharan Africa,Lower middle income,2019,NA,NA,NA,NA,20.50099945,3281.10470051465,1114.17304526443,74.325,NA,NA,48.7125500590248,12726755,0.636
BEN,Benin,Sub-Saharan Africa,Lower middle income,2020,NA,NA,NA,NA,22.12059975,3317.8597222557,1126.65404122154,73.587,39.4178810119629,NA,49.4461567219896,13070169,0.638
BEN,Benin,Sub-Saharan Africa,Lower middle income,2021,NA,NA,NA,NA,28.20470047,3464.2886286745,1176.37727637273,74.754,40.2546501159668,NA,50.1961807561354,13413417,0.634
BEN,Benin,Sub-Saharan Africa,Lower middle income,2022,NA,NA,NA,NA,30.53730011,3588.32519938147,1218.49668929091,74.633,40.2818489074707,NA,50.9627000010887,13759501,0.64
BEN,Benin,Sub-Saharan Africa,Lower middle income,2023,NA,NA,NA,NA,32.39400101,3721.21254814808,1263.62158336368,74.802,NA,NA,51.7457922964593,14111034,0.573
BEN,Benin,Sub-Saharan Africa,Lower middle income,2024,NA,NA,NA,NA,33.98379898,3901.32588494392,1324.78312597434,74.985,NA,NA,52.5455354818423,14462724,NA
BTN,Bhutan,South Asia,Lower middle income,2015,NA,NA,NA,NA,39.79999924,12400.2983237391,2954.04081911097,54.976,92.4895401000977,67.91664,36.6983375690037,740618,0.385
BTN,Bhutan,South Asia,Lower middle income,2016,NA,NA,NA,NA,46.50320053,13320.9759036882,3173.36773217431,54.892,93.3539505004883,69.77816,37.2745234641407,747866,0.363
BTN,Bhutan,South Asia,Lower middle income,2017,NA,NA,NA,NA,54.33549881,13482.3425280358,3211.80903275593,54.815,93.6836013793945,72.82267,37.8645544995016,754335,0.347
BTN,Bhutan,South Asia,Lower middle income,2018,NA,NA,NA,NA,63.48680115,13854.8543977158,3300.55006461736,54.743,94.7654841059746,76.54685,38.4661892776975,759759,0.277
BTN,Bhutan,South Asia,Lower middle income,2019,NA,NA,NA,NA,74.17939758,14555.1884045845,3467.38598979356,60.631,97.6848520202403,NA,39.0746823405146,764824,0.265
BTN,Bhutan,South Asia,Lower middle income,2020,NA,NA,NA,NA,76.85079956,12979.9369485824,3092.12428399363,63.002,97.5008417517849,NA,39.6888839873439,770006,0.266
BTN,Bhutan,South Asia,Lower middle income,2021,86.2535,84.7856,-1.4679000000000002,1.0173130814666642,85.636883889999993,13458.812666743,3206.20366997254,64.902,100.878047817838,NA,40.3075199874379,775442,0.266
BTN,Bhutan,South Asia,Lower middle income,2022,NA,NA,NA,NA,88.35620117,14061.3120274588,3349.73309632799,52.51,98.562791614893,NA,40.9365143617581,780914,0.283
BTN,Bhutan,South Asia,Lower middle income,2023,NA,NA,NA,NA,90.02140045,14610.2959097837,3480.51388523184,56.618,94.91450020137,NA,41.7352457989939,786385,0.278
BTN,Bhutan,South Asia,Lower middle income,2024,NA,NA,NA,NA,91.27739716,15603.8871298469,3717.21053114706,56.636,94.0369291275477,NA,42.5645249803412,791524,NA
BOL,Bolivia,Latin America & Caribbean,Lower middle income,2015,34.4719,40.5855,6.113600000000005,0.8493649209693116,37.4868176324391,11144.6415720641,2996.01289811344,57.044,89.9740673277194,77.23552,68.3958051297665,11014705,0.441
BOL,Bolivia,Latin America & Caribbean,Lower middle income,2016,NA,NA,NA,NA,39.69749832,11448.02180322,3077.57057582774,56.919,89.7963617272291,77.39237,68.7446327876947,11180020,0.433
BOL,Bolivia,Latin America & Caribbean,Lower middle income,2017,NA,NA,NA,NA,43.83229828,11755.2556195885,3160.16421247588,59.112,88.5199336270253,76.6115,69.0838016274736,11344587,0.431
BOL,Bolivia,Latin America & Caribbean,Lower middle income,2018,41.6667,47.0067,5.340000000000003,0.8863991728838654,44.2861422024283,11920.3135079645,3204.53670838005,63.56,87.8603570044998,76.97286,69.4133879813999,11508368,0.43
BOL,Bolivia,Latin America & Caribbean,Lower middle income,2019,44.4308,50.6648,6.234000000000002,0.8769559931155358,47.4748191121692,11930.9159145918,3207.38695231128,66.243,88.0304372690611,NA,69.7334986708387,11671386,0.429
BOL,Bolivia,Latin America & Caribbean,Lower middle income,2020,58.0403,61.9163,3.8759999999999977,0.9373993601038823,59.94010155,10285.6590750222,2765.09271788602,65.02,88.4047972829548,NA,70.0442635528254,11816299,0.431
BOL,Bolivia,Latin America & Caribbean,Lower middle income,2021,63.7076,68.3228,4.6152000000000015,0.9324500752311088,65.9773785,11202.4409836707,3011.55110825301,71.057,90.1926069467688,NA,70.3450412826165,11937360,0.423
BOL,Bolivia,Latin America & Caribbean,Lower middle income,2022,NA,NA,NA,NA,72.62270355,11487.7148799194,3088.24126173436,71.715,90.3370506966397,NA,70.6352598708131,12077154,0.421
BOL,Bolivia,Latin America & Caribbean,Lower middle income,2023,NA,NA,NA,NA,77.30039978,11616.1575595159,3122.77049466223,72.455,91.2883197233107,NA,70.9151414044538,12244159,0.419
BOL,Bolivia,Latin America & Caribbean,Lower middle income,2024,NA,NA,NA,NA,79.70469666,11329.1518061536,3045.61476620329,72.389,90.2157592773438,NA,71.2361453773988,12413315,NA
BIH,Bosnia and Herzegovina,Europe & Central Asia,Upper middle income,2015,NA,NA,NA,NA,52.59999847,14220.0900038037,4662.25869219448,38.824,87.665657043457,NA,47.5711645087011,3518541,NA
BIH,Bosnia and Herzegovina,Europe & Central Asia,Upper middle income,2016,57.314,63.5868,6.272799999999997,0.9013505947775325,60.2565354318987,14873.6411107879,4876.53471495633,38.632,85.0680236816406,NA,48.0248845752382,3473003,0.169
BIH,Bosnia and Herzegovina,Europe & Central Asia,Upper middle income,2017,62.4875,67.5787,5.091200000000001,0.9246626525813607,64.8920205128383,15554.6587430766,5099.81602856447,38.558,85.6158828735352,NA,48.4918401819106,3428682,0.167
BIH,Bosnia and Herzegovina,Europe & Central Asia,Upper middle income,2018,68.3368,72.4001,4.063299999999998,0.943877149340954,70.1201350394885,16348.9997145353,5360.25201017633,38.384,87.8049774169922,NA,48.971927825824,3387000,0.17
BIH,Bosnia and Herzegovina,Europe & Central Asia,Upper middle income,2019,67.4523,72.8201,5.367800000000003,0.9262868356401598,69.9463476317266,17029.2971980343,5583.29721276458,38.209,87.5772018432617,NA,49.4650440037758,3345533,0.153
BIH,Bosnia and Herzegovina,Europe & Central Asia,Upper middle income,2020,69.3125,77.8159,8.5034,0.8907241322146245,73.21175294,16747.0353918695,5490.75366635139,37.115,87.7414093017578,NA,49.9710852122997,3299349,0.144
BIH,Bosnia and Herzegovina,Europe & Central Asia,Upper middle income,2021,72.6616,79.1769,6.515299999999996,0.9177121104766669,75.67620138,18286.6614977175,5995.54197590494,37.416,87.8970108032227,NA,50.4899479477034,3244907,0.138
BIH,Bosnia and Herzegovina,Europe & Central Asia,Upper middle income,2022,76.9687,80.8024,3.8337000000000074,0.9525546270902844,78.8455371,19298.117076437,6327.16206849174,38.537,89.2550964355469,NA,51.0215287060993,3204802,0.158
BIH,Bosnia and Herzegovina,Europe & Central Asia,Upper middle income,2023,83.0098,83.7166,0.7068000000000012,0.9915572299878399,83.3771539,19804.9181465635,6493.32400514463,39.533,90.4367218017578,NA,51.5657239834305,3185073,0.157
BIH,Bosnia and Herzegovina,Europe & Central Asia,Upper middle income,2024,84.716,87.3019,2.5859000000000094,0.9703797970032725,86.10091103,20578.4995446816,6746.95366547249,39.399,NA,NA,52.1224302754935,3164253,NA
BWA,Botswana,Sub-Saharan Africa,Upper middle income,2015,NA,NA,NA,NA,38.89379883,15994.9643042101,6141.20394726616,56.288,NA,NA,65.4103584313295,2203273,0.505
BWA,Botswana,Sub-Saharan Africa,Upper middle income,2016,NA,NA,NA,NA,41.16859818,16905.588740873,6490.83463593483,56.68,NA,NA,65.6949296854899,2234776,0.48
BWA,Botswana,Sub-Saharan Africa,Upper middle income,2017,NA,NA,NA,NA,43.57640076,17352.8958451454,6662.57644805467,57.102,NA,NA,65.9456435684731,2266747,0.459
BWA,Botswana,Sub-Saharan Africa,Upper middle income,2018,NA,NA,NA,NA,46.12509918,17825.018569213,6843.84612027739,57.556,NA,NA,66.1579176461888,2299141,0.492
BWA,Botswana,Sub-Saharan Africa,Upper middle income,2019,NA,NA,NA,NA,48.82279968,18106.0105471124,6951.73189051146,58.044,NA,NA,66.3271694845464,2332083,0.466
BWA,Botswana,Sub-Saharan Africa,Upper middle income,2020,NA,NA,NA,NA,51.67819977,16289.3913582645,6254.24806241091,56.142,NA,NA,66.4488166494554,2365894,0.497
BWA,Botswana,Sub-Saharan Africa,Upper middle income,2021,NA,NA,NA,NA,54.70069885,17960.6254447437,6895.91184943107,58.943,74.0652465820312,NA,66.5182767068255,2401441,0.495
BWA,Botswana,Sub-Saharan Africa,Upper middle income,2022,NA,NA,NA,NA,57.9,18647.3734588832,7159.5860618268,59.93,NA,NA,66.5889787170477,2439892,0.492
BWA,Botswana,Sub-Saharan Africa,Upper middle income,2023,NA,NA,NA,NA,NA,18932.4802712334,7269.05170664457,63.426,NA,NA,67.0212655349864,2480244,0.49
BWA,Botswana,Sub-Saharan Africa,Upper middle income,2024,57.9562,56.895,-1.0611999999999995,1.0186519026276475,57.45950036,18107.614452913,6952.34770386661,63.45,NA,NA,67.4623537838418,2521139,NA
BRA,Brazil,Latin America & Caribbean,Upper middle income,2015,57.5621,59.1559,1.5938000000000017,0.9730576324593151,58.3279517340924,18357.0690617991,8936.19661712113,53.323,103.670433044434,83.63342,85.6935697061881,201675532,0.436
BRA,Brazil,Latin America & Caribbean,Upper middle income,2016,61.1209,60.6047,-0.5161999999999978,1.0085174912176778,60.8725400681261,17620.9272434136,8577.84376650911,53.522,104.728561401367,84.27552,85.9487048448108,203218114,0.432
BRA,Brazil,Latin America & Caribbean,Upper middle income,2017,67.3369,67.6165,0.27960000000000207,0.9958649146288258,67.4712845236305,17724.4799577784,8628.25308908043,54.353,104.489143371582,83.18157,86.1982897571091,204703445,0.422
BRA,Brazil,Latin America & Caribbean,Upper middle income,2018,70.0151,70.8905,0.8753999999999991,0.9876513778291873,70.4342825404361,17917.7492123359,8722.33630317935,54.581,106.413528442383,NA,86.4420719945072,206107261,0.401
BRA,Brazil,Latin America & Caribbean,Upper middle income,2019,73.4729,74.3905,0.9176000000000073,0.9876650916447663,73.9124399133589,18018.6209151518,8771.44051292177,55.306,105.773582458496,NA,86.6797991084296,207455459,0.398
BRA,Brazil,Latin America & Caribbean,Upper middle income,2020,84.9105,77.333,-7.577500000000001,1.0979853361436902,81.34269353,17327.5157249466,8435.01143254978,50.338,106.353302001953,NA,86.9112186503004,208660842,0.411
BRA,Brazil,Latin America & Caribbean,Upper middle income,2021,79.7915,81.6433,1.8517999999999972,0.9773184082466044,80.68989314,18075.7060049068,8799.22945810901,52.482,110.021629333496,NA,87.1360781715439,209550294,0.405
BRA,Brazil,Latin America & Caribbean,Upper middle income,2022,81.1465,79.871,-1.275500000000008,1.0159695008200724,80.52775094,18554.0461828566,9032.08481566299,53.864,108.587013244629,NA,87.349556243881,210306415,0.39
BRA,Brazil,Latin America & Caribbean,Upper middle income,2023,85.6558,82.5526,-3.103200000000001,1.0375905786129087,84.15060238,19079.8122134028,9288.02701470069,53.205,NA,NA,87.6159710235763,211140729,0.39
BRA,Brazil,Latin America & Caribbean,Upper middle income,2024,83.7948,85.1736,1.3787999999999982,0.9838118853729325,84.46347227,19652.365499171,9566.74518687619,53.576,105.251502990723,NA,87.8958549533146,211998573,NA
BFA,Burkina Faso,Sub-Saharan Africa,Low income,2015,NA,NA,NA,NA,6.545700073,2101.70266192027,630.124750752312,73.531,31.3499100869596,25.91824,25.621432645225,18777487,0.61
BFA,Burkina Faso,Sub-Saharan Africa,Low income,2016,NA,NA,NA,NA,7.140999794,2162.72578977814,648.420480176012,73.267,33.8377858408122,28.00193,25.821510372001,19334856,0.606
BFA,Burkina Faso,Sub-Saharan Africa,Low income,2017,NA,NA,NA,NA,7.790400028,2232.28781490944,669.276310328333,73,36.4337512769058,29.33465,25.9769918665632,19894407,0.593
BFA,Burkina Faso,Sub-Saharan Africa,Low income,2018,NA,NA,NA,NA,8.498900414,2316.39432079045,694.492813126351,72.734,39.4315297671845,31.69258,26.0832202154822,20438288,0.589
BFA,Burkina Faso,Sub-Saharan Africa,Low income,2019,6.61695,12.2789,5.66195,0.5388878482600233,9.27180600953186,2391.53626844484,717.021595096634,72.467,40.517531621348,NA,26.1187254401157,20961952,0.571
BFA,Burkina Faso,Sub-Saharan Africa,Low income,2020,NA,NA,NA,NA,12.97319984,2380.93171826574,713.8421779224,69.457,40.2090461523707,NA,26.3578373628627,21478690,0.606
BFA,Burkina Faso,Sub-Saharan Africa,Low income,2021,NA,NA,NA,NA,18.1522007,2486.43093147762,745.472563435144,67.668,40.1334643135395,NA,26.8114307743017,21995243,0.609
BFA,Burkina Faso,Sub-Saharan Africa,Low income,2022,NA,NA,NA,NA,25.3987999,2469.19956941259,740.306319930259,65.403,36.1300743115017,NA,27.2791369742712,22509038,0.548
BFA,Burkina Faso,Sub-Saharan Africa,Low income,2023,NA,NA,NA,NA,25.36120033,2486.20669812871,745.405334618409,64.722,33.6455886002101,NA,27.7872478365158,23025776,0.555
BFA,Burkina Faso,Sub-Saharan Africa,Low income,2024,NA,NA,NA,NA,28.25270081,2548.50247702504,764.082625588818,64.113,33.2389182465594,NA,28.3352514896662,23548781,NA
BDI,Burundi,Sub-Saharan Africa,Low income,2015,NA,NA,NA,NA,2,992.28580552029,254.402585226788,80.778,42.5848131340896,30.04619,14.6695085474754,11047580,0.514
BDI,Burundi,Sub-Saharan Africa,Low income,2016,NA,NA,NA,NA,2.200000048,1006.55907385999,258.061970804063,81.001,47.4670778135604,33.93295,15.6180905635494,11239451,0.51
BDI,Burundi,Sub-Saharan Africa,Low income,2017,1.49482,3.90705,2.41223,0.3825955644284051,2.6607485347534,1020.8498275719,261.725839287239,81.087,49.4867506946943,31.38195,16.6241273909209,11506762,0.507
BDI,Burundi,Sub-Saharan Africa,Low income,2018,NA,NA,NA,NA,4.019499779,1043.40558434036,267.508692172687,81.073,48.9246508069948,31.01462,17.6820221982475,11859446,0.507
BDI,Burundi,Sub-Saharan Africa,Low income,2019,NA,NA,NA,NA,6.072199821,1054.72592734898,270.411005710809,80.888,44.8293939228029,NA,18.786178154187,12255336,0.501
BDI,Burundi,Sub-Saharan Africa,Low income,2020,NA,NA,NA,NA,6.430099964,1027.62896276744,263.463876362597,78.558,49.2576387332398,NA,19.9309984273971,12617036,0.503
BDI,Burundi,Sub-Saharan Africa,Low income,2021,NA,NA,NA,NA,6.777999878,1032.38274081999,264.682651658422,80.488,NA,NA,21.1108861865354,12965481,0.502
BDI,Burundi,Sub-Saharan Africa,Low income,2022,NA,NA,NA,NA,7.144800186,1028.11134640179,263.587550049119,80.249,NA,NA,22.3202446002597,13321097,0.502
BDI,Burundi,Sub-Saharan Africa,Low income,2023,NA,NA,NA,NA,7.172299862,1033.00937341776,264.84330794512,79.98,NA,NA,23.5534768372276,13689450,0.501
BDI,Burundi,Sub-Saharan Africa,Low income,2024,NA,NA,NA,NA,8.595999718,1048.05557098193,268.700857389911,79.728,NA,NA,24.8302838651025,14047786,NA
CPV,Cabo Verde,Sub-Saharan Africa,Upper middle income,2015,41.3678,44.2465,2.878699999999995,0.9349394867390642,42.6830141582781,7560.13649202469,3415.06266730931,51.843,105.428949752596,75.85656,66.9045094767116,512394,0.363
CPV,Cabo Verde,Sub-Saharan Africa,Upper middle income,2016,49.7672,50.887,1.119799999999998,0.9779943797040502,50.3228178676892,7881.30336227784,3560.1400729534,51.941,107.346835625835,75.69258,68.0354078358316,512554,0.352
CPV,Cabo Verde,Sub-Saharan Africa,Upper middle income,2017,56.4746,57.8526,1.3780000000000001,0.9761808458046829,57.1621463484891,8234.56000312459,3719.71306047915,52.038,108.513703183866,75.42516,69.1999988159713,512893,0.349
CPV,Cabo Verde,Sub-Saharan Africa,Upper middle income,2018,NA,NA,NA,NA,59.5,8531.12961646549,3853.67940035241,48.62,104.00895690918,74.47218,70.3970748844677,513415,0.357
CPV,Cabo Verde,Sub-Saharan Africa,Upper middle income,2019,60.965,62.9212,1.9561999999999955,0.9689103195743248,61.9433977593088,9111.62993173269,4115.90283469406,50.407,103.593505622998,NA,71.6254285086577,514104,0.337
CPV,Cabo Verde,Sub-Saharan Africa,Upper middle income,2020,NA,NA,NA,NA,69.37339783,7207.86853962048,3255.93628984058,46.76,106.038487060385,NA,72.8838521558784,514679,0.327
CPV,Cabo Verde,Sub-Saharan Africa,Upper middle income,2021,NA,NA,NA,NA,70.28250122,7685.41921393669,3471.6553421786,47.643,104.706914193831,NA,74.1607930892827,516649,0.301
CPV,Cabo Verde,Sub-Saharan Africa,Upper middle income,2022,NA,NA,NA,NA,73.32740021,8850.1066918812,3997.76763250653,49.927,103.582593697222,NA,75.033738060849,519741,0.302
CPV,Cabo Verde,Sub-Saharan Africa,Upper middle income,2023,NA,NA,NA,NA,74.59919739,9228.4604533114,4168.67748407593,50.216,NA,NA,75.9064245753376,522331,0.298
CPV,Cabo Verde,Sub-Saharan Africa,Upper middle income,2024,NA,NA,NA,NA,74.73519897,9825.53410093619,4438.38741931171,50.429,NA,NA,76.7721471004354,524877,NA
KHM,Cambodia,East Asia & Pacific,Lower middle income,2015,6.34408,6.52569,0.18161000000000005,0.9721699927517243,6.43319107021405,4968.57276699143,1547.32010444393,73.417,NA,NA,30.0669222549819,15623251,0.519
KHM,Cambodia,East Asia & Pacific,Lower middle income,2016,32.4416,32.3538,-0.08780000000000143,1.0027137461441933,32.3984517141849,5283.72964943779,1645.46671578126,75.918,NA,NA,32.4767436038024,15852803,0.506
KHM,Cambodia,East Asia & Pacific,Lower middle income,2017,32.9176,32.8824,-0.03520000000000323,1.001070481473372,32.9002785437986,5632.03125629342,1753.93530504662,76.417,51.2054747282757,NA,35.0127905056235,16073372,0.502
KHM,Cambodia,East Asia & Pacific,Lower middle income,2018,NA,NA,NA,NA,65,6050.59088262205,1884.28374817086,76.845,53.0927446861047,NA,37.6404336372742,16274522,0.498
KHM,Cambodia,East Asia & Pacific,Lower middle income,2019,51.712,52.9595,1.2474999999999952,0.9764442640130667,52.305878224498,6448.88455952805,2008.32094006706,77.289,53.3177080845995,NA,39.5830241256026,16481304,0.496
KHM,Cambodia,East Asia & Pacific,Lower middle income,2020,NA,NA,NA,NA,56.37590027,6128.78243783335,1908.63427518336,77.09,54.5285415649414,NA,39.832658030922,16725474,0.492
KHM,Cambodia,East Asia & Pacific,Lower middle income,2021,NA,NA,NA,NA,60.76269913,6225.53265474741,1938.76436741728,73.711,59.1888520896695,NA,40.1091858128847,16974305,0.487
KHM,Cambodia,East Asia & Pacific,Lower middle income,2022,NA,NA,NA,NA,65.49079895,6458.3681488084,2011.27433313262,77.173,59.850293235261,NA,40.374616187368,17201724,0.489
KHM,Cambodia,East Asia & Pacific,Lower middle income,2023,NA,NA,NA,NA,68.92549896,6695.29194763723,2085.05748462122,77.22,60.3343523907692,NA,40.6290788072508,17423880,0.506
KHM,Cambodia,East Asia & Pacific,Lower middle income,2024,NA,NA,NA,NA,68.47530365,7011.58146903703,2183.55682401667,77.299,63.098667348683,NA,40.8727033252729,17638801,NA
CMR,Cameroon,Sub-Saharan Africa,Lower middle income,2015,NA,NA,NA,NA,18.299999239999998,4698.66677843587,1415.00009710569,65.628,55.5473133749889,42.05413,52.6440863142742,22763414,0.573
CMR,Cameroon,Sub-Saharan Africa,Lower middle income,2016,NA,NA,NA,NA,20.60000038,4767.13186148953,1435.61830727839,64.23,56.4790090222202,43.0281,52.9815033836792,23454161,0.572
CMR,Cameroon,Sub-Saharan Africa,Lower middle income,2017,19.2,27.4,8.2,0.7007299270072993,23.2029719748646,4797.97544185544,1444.90682916573,62.821,NA,NA,53.3115142121504,24128601,0.573
CMR,Cameroon,Sub-Saharan Africa,Lower middle income,2018,NA,NA,NA,NA,29.700000760000002,4851.48003949961,1461.01969999317,61.419,NA,NA,53.6339873660653,24806383,0.566
CMR,Cameroon,Sub-Saharan Africa,Lower middle income,2019,NA,NA,NA,NA,36.53919983,4882.35560028896,1470.31785276187,60.035,NA,NA,53.9487914119331,25506095,0.567
CMR,Cameroon,Sub-Saharan Africa,Lower middle income,2020,NA,NA,NA,NA,37.69749832,4763.48194388066,1434.51913723409,58.059,NA,NA,54.2557949164174,26210558,0.563
CMR,Cameroon,Sub-Saharan Africa,Lower middle income,2021,NA,NA,NA,NA,38.89260101,4793.55628200196,1443.57600237663,57.093,42.6115884063623,NA,54.5548664463635,26915758,0.562
CMR,Cameroon,Sub-Saharan Africa,Lower middle income,2022,NA,NA,NA,NA,40.12559891,4843.65038202917,1458.66180431693,57.098,43.2072311629303,NA,54.8458745688318,27632771,0.562
CMR,Cameroon,Sub-Saharan Africa,Lower middle income,2023,NA,NA,NA,NA,42.24380112,4875.25120768005,1468.17837007337,57.095,42.4944197803389,NA,55.1286878511388,28372687,0.558
CMR,Cameroon,Sub-Saharan Africa,Lower middle income,2024,NA,NA,NA,NA,46.25880051,4916.93354019494,1480.73097431993,57.104,NA,NA,55.4031748609078,29123744,NA
CAF,Central African Republic,Sub-Saharan Africa,Low income,2015,NA,NA,NA,NA,2.9000000950000002,1043.92171697157,366.322853938121,65.301,NA,NA,39.9824421267351,4629320,NA
CAF,Central African Republic,Sub-Saharan Africa,Low income,2016,NA,NA,NA,NA,3.0999999049999998,1073.94477703739,376.858254120398,65.301,11.0433397293091,NA,40.3808711749566,4713663,NA
CAF,Central African Republic,Sub-Saharan Africa,Low income,2017,NA,NA,NA,NA,4,1103.86609318724,387.35795131742,65.308,12.7931003570557,9.70857,40.8151443386334,4793511,NA
CAF,Central African Republic,Sub-Saharan Africa,Low income,2018,NA,NA,NA,NA,5.099999905,1125.70091748228,395.020015455909,65.313,NA,NA,41.2824666248606,4878657,NA
CAF,Central African Republic,Sub-Saharan Africa,Low income,2019,NA,NA,NA,NA,7.509200096,1145.09563657752,401.82582161435,65.359,NA,NA,41.7800430407332,4944703,NA
CAF,Central African Republic,Sub-Saharan Africa,Low income,2020,NA,NA,NA,NA,NA,1136.57052993758,398.834274122139,64.776,NA,NA,42.3050785933463,5026628,NA
CAF,Central African Republic,Sub-Saharan Africa,Low income,2021,NA,NA,NA,NA,NA,1128.55237996459,396.020622931961,64.799,NA,NA,42.8547782897949,5112100,NA
CAF,Central African Republic,Sub-Saharan Africa,Low income,2022,NA,NA,NA,NA,13.75360012,1136.80171107045,398.91539795642,65.525,NA,NA,43.2751967457285,5098039,NA
CAF,Central African Republic,Sub-Saharan Africa,Low income,2023,NA,NA,NA,NA,13.8416996,1132.67643369804,397.467795750451,65.608,NA,NA,43.6983692134165,5152421,NA
CAF,Central African Republic,Sub-Saharan Africa,Low income,2024,NA,NA,NA,NA,13.78250027,1111.21941638883,389.938307964229,65.544,NA,NA,44.1243555638904,5330690,NA
TCD,Chad,Sub-Saharan Africa,Low income,2015,NA,NA,NA,NA,3.5,2822.57929900014,993.990730610869,50.481,13.880263310419,11.97697,22.8011258828974,14647621,NA
TCD,Chad,Sub-Saharan Africa,Low income,2016,NA,NA,NA,NA,5.800000191,2622.59780844501,923.565872051196,49.821,14.2798381653045,12.28557,23.1119734707179,15114655,NA
TCD,Chad,Sub-Saharan Africa,Low income,2017,NA,NA,NA,NA,6.351900101,2496.26213643158,879.075895464417,49.161,14.0123630025093,NA,23.461349471105,15622759,NA
TCD,Chad,Sub-Saharan Africa,Low income,2018,NA,NA,NA,NA,6.956299782,2552.37036387707,898.834794005046,48.501,13.9039225599097,NA,23.8486084924975,16156531,0.686
TCD,Chad,Sub-Saharan Africa,Low income,2019,NA,NA,NA,NA,7.618199825,2604.53153661789,917.203710060136,48.531,14.1967132658225,NA,24.2731047386633,16685223,0.7
TCD,Chad,Sub-Saharan Africa,Low income,2020,NA,NA,NA,NA,8.343099594,2513.02922729305,884.980541934939,48.067,NA,NA,24.7341921795416,17224679,0.696
TCD,Chad,Sub-Saharan Africa,Low income,2021,NA,NA,NA,NA,9.653699875,2435.07274651099,857.52763057976,48.119,17.2672329408201,NA,25.2312246423075,17828273,0.66
TCD,Chad,Sub-Saharan Africa,Low income,2022,NA,NA,NA,NA,11.17029953,2449.48251052296,862.602128172536,47.933,NA,NA,25.7635558629694,18455316,0.671
TCD,Chad,Sub-Saharan Africa,Low income,2023,NA,NA,NA,NA,12.03590012,2433.53330962707,856.985507283698,47.817,19.2402040168684,NA,26.3305395171046,19319064,0.67
TCD,Chad,Sub-Saharan Africa,Low income,2024,NA,NA,NA,NA,12.62689972,2430.73298355271,855.999353179333,47.554,19.4390107130432,NA,26.9315292389497,20299123,NA
CHN,China,East Asia & Pacific,Upper middle income,2015,NA,NA,NA,NA,50.29999924,14857.1088234405,8175.33285077393,62.605,NA,NA,57.3297843933105,1379860000,0.202
CHN,China,East Asia & Pacific,Upper middle income,2016,NA,NA,NA,NA,53.2,15772.8372607502,8679.22528805041,62.326,NA,NA,58.8399238586426,1387790000,0.192
CHN,China,East Asia & Pacific,Upper middle income,2017,NA,NA,NA,NA,54.3,16758.0463976858,9221.35045639842,61.957,NA,NA,60.2402687072754,1396215000,0.181
CHN,China,East Asia & Pacific,Upper middle income,2018,NA,NA,NA,NA,65.35839844,17807.0490552244,9798.57890566402,61.585,NA,NA,61.5001983642578,1402760000,0.163
CHN,China,East Asia & Pacific,Upper middle income,2019,63.0484,65.0694,2.021000000000001,0.9689408539190464,64.080881297515,18820.5871645645,10356.2924890582,61.305,NA,NA,62.7099151611328,1407745000,0.159
CHN,China,East Asia & Pacific,Upper middle income,2020,70.4569,69.6681,-0.788800000000009,1.0113222550923595,70.05275998,19215.1012491012,10573.3794064211,59.711,NA,NA,63.5234230266258,1411100000,0.154
CHN,China,East Asia & Pacific,Upper middle income,2021,72.6218,73.4646,0.8428000000000111,0.9885278079510402,73.05323517,20843.2978347377,11469.3174514512,61.182,NA,NA,64.721076965332,1412360000,0.145
CHN,China,East Asia & Pacific,Upper middle income,2022,75.2437,75.9624,0.7186999999999983,0.9905387402188451,75.61131603,21499.3125559757,11830.298767861,60.097,NA,NA,65.2176361083984,1412175000,0.138
CHN,China,East Asia & Pacific,Upper middle income,2023,77.3218,77.6366,0.3148000000000053,0.9959452114080214,90.6,22687.2519534328,12483.9791101249,60.216,NA,NA,65.5301448035523,1410710000,0.132
CHN,China,East Asia & Pacific,Upper middle income,2024,NA,NA,NA,NA,92,23841.4769141817,13119.1076099516,59.448,NA,NA,65.8946980998325,1408975000,NA
COL,Colombia,Latin America & Caribbean,Upper middle income,2015,55.1597,56.6751,1.5153999999999996,0.9732616263579597,55.9049725142924,16821.3801400631,6248.51490534512,55.255,101.232261657715,78.53982,77.1636280538646,46969940,0.417
COL,Colombia,Latin America & Caribbean,Upper middle income,2016,58.1742,58.0976,-0.07659999999999911,1.0013184709867533,58.1364935728703,17003.244366485,6316.07067782542,54.719,101.674926757812,79.04928,77.2036266362166,47437512,0.414
COL,Colombia,Latin America & Caribbean,Upper middle income,2017,62.4199,62.095,-0.3248999999999995,1.005232305338594,62.2598803162841,16986.0334182842,6309.67745292518,54.343,102.081871032715,79.31285,77.2245191706503,48131078,0.417
COL,Colombia,Latin America & Caribbean,Upper middle income,2018,64.5888,63.6495,-0.9393000000000029,1.0147573822260976,64.1263768204459,17104.1313545678,6353.5464285392,53.244,102.91561126709,80.16872,77.2804816598084,49024465,0.41
COL,Colombia,Latin America & Caribbean,Upper middle income,2019,65.8968,64.0882,-1.8085999999999984,1.0282204836459754,65.0069007159493,17336.7716030551,6439.96359812647,52.398,104.421806335449,NA,77.4595528518377,49907985,0.411
COL,Colombia,Latin America & Caribbean,Upper middle income,2020,70.7503,68.79,-1.9602999999999895,1.0284968745457188,69.79533474,15861.4999291295,5891.9552321540305,51.108,103.599342346191,NA,77.6382533537045,50629997,0.421
COL,Colombia,Latin America & Caribbean,Upper middle income,2021,73.908,72.0965,-1.8114999999999952,1.0251260463406684,73.02837449,17383.0901728295,6457.16921807086,51.679,105.227256774902,NA,77.8339570326128,51188173,0.42
COL,Colombia,Latin America & Caribbean,Upper middle income,2022,73.5883,71.9583,-1.6300000000000097,1.0226520081769581,72.79637855,18458.7209460704,6856.72590505374,50.922,103.587738037109,NA,78.0464633137335,51737944,0.395
COL,Colombia,Latin America & Caribbean,Upper middle income,2023,78.2038,76.4192,-1.7845999999999975,1.0233527699845064,77.33686322,18406.6242338491,6837.37392084534,51.833,NA,NA,78.275571579544,52321152,0.393
COL,Colombia,Latin America & Caribbean,Upper middle income,2024,80.067,78.5814,-1.485599999999991,1.0189052371171803,79.34543299,18481.8374929368,6865.31283944628,51.719,NA,NA,78.5210811866115,52886363,NA
COM,Comoros,Sub-Saharan Africa,Lower middle income,2015,NA,NA,NA,NA,7.459199905,3370.5557232032,1329.37048235986,34.778,NA,NA,30.3732008585112,726682,0.633
COM,Comoros,Sub-Saharan Africa,Lower middle income,2016,NA,NA,NA,NA,7.938300133,3411.77123523582,1345.6261652831,36.845,NA,NA,30.7305018169792,741741,0.626
COM,Comoros,Sub-Saharan Africa,Lower middle income,2017,NA,NA,NA,NA,8.478199959,3472.07858942366,1369.41180275963,38.973,59.3382174230061,44.81304,31.0996559689293,756669,0.583
COM,Comoros,Sub-Saharan Africa,Lower middle income,2018,NA,NA,NA,NA,NA,3528.95868167877,1391.84570443267,41.147,64.5565253389451,51.66721,31.4073645195839,771590,0.58
COM,Comoros,Sub-Saharan Africa,Lower middle income,2019,NA,NA,NA,NA,16.38380051,3522.66866952646,1389.36488014859,43.318,NA,NA,31.7287584068243,786578,0.575
COM,Comoros,Sub-Saharan Africa,Lower middle income,2020,NA,NA,NA,NA,22.42040062,3447.47274904772,1359.7070891825,44.892,NA,NA,32.0638072194881,802163,0.512
COM,Comoros,Sub-Saharan Africa,Lower middle income,2021,NA,NA,NA,NA,30.68120003,3449.0435745318,1360.32663361462,47.073,NA,NA,32.4124444313246,818174,0.508
COM,Comoros,Sub-Saharan Africa,Lower middle income,2022,NA,NA,NA,NA,31.37409973,3465.8402271705,1366.9513495529,47.033,56.4125595092773,NA,32.7746035528748,834188,0.502
COM,Comoros,Sub-Saharan Africa,Lower middle income,2023,NA,NA,NA,NA,31.92749977,3508.15862331545,1383.64201759575,47.058,NA,NA,33.1502180946901,850387,0.501
COM,Comoros,Sub-Saharan Africa,Lower middle income,2024,NA,NA,NA,NA,32.51750183,3556.0384263801,1402.52614298112,47.126,NA,NA,33.5392215673301,866628,NA
COD,"Congo, Dem. Rep.",Sub-Saharan Africa,Low income,2015,NA,NA,NA,NA,3.799999952,1433.21579814709,495.826633014883,61.84,32.7438697814941,NA,41.3435764444694,81035531,0.645
COD,"Congo, Dem. Rep.",Sub-Saharan Africa,Low income,2016,NA,NA,NA,NA,10.1,1388.80163211633,480.461377880475,61.662,NA,NA,41.7290483782911,83956415,0.64
COD,"Congo, Dem. Rep.",Sub-Saharan Africa,Low income,2017,NA,NA,NA,NA,NA,1395.71961761712,482.854682128541,61.492,NA,NA,42.1127579403217,87083398,0.641
COD,"Congo, Dem. Rep.",Sub-Saharan Africa,Low income,2018,NA,NA,NA,NA,11.69999981,1431.7285269693,495.312105711027,61.275,NA,NA,42.4946599159958,90047644,0.638
COD,"Congo, Dem. Rep.",Sub-Saharan Africa,Low income,2019,NA,NA,NA,NA,13.02970028,1394.76461472893,482.524295129472,61.038,NA,NA,42.8747090907476,92947442,0.618
COD,"Congo, Dem. Rep.",Sub-Saharan Africa,Low income,2020,NA,NA,NA,NA,14.51049995,1361.02791099008,470.852950000929,60.259,NA,NA,43.2528602500115,95989998,0.609
COD,"Congo, Dem. Rep.",Sub-Saharan Africa,Low income,2021,NA,NA,NA,NA,16.1595993,1402.38560295221,485.160805929784,60.48,42.9527015686035,NA,43.6290681792218,99148932,0.607
COD,"Congo, Dem. Rep.",Sub-Saharan Africa,Low income,2022,NA,NA,NA,NA,17.99620056,1484.33841881449,513.512704372167,61.434,NA,NA,44.003287663813,102396968,0.604
COD,"Congo, Dem. Rep.",Sub-Saharan Africa,Low income,2023,NA,NA,NA,NA,18.96789932,1559.33806475859,539.45912637913,61.719,NA,NA,44.3754734892194,105789731,0.604
COD,"Congo, Dem. Rep.",Sub-Saharan Africa,Low income,2024,NA,NA,NA,NA,19.67350006,1601.70926640422,554.117609962628,61.886,NA,NA,44.7455804408753,109276265,NA
COG,"Congo, Rep.",Sub-Saharan Africa,Lower middle income,2015,NA,NA,NA,NA,7.616000175,8977.70681641417,2439.35189403696,66.526,NA,NA,63.135592763847,5097581,0.615
COG,"Congo, Rep.",Sub-Saharan Africa,Lower middle income,2016,NA,NA,NA,NA,8.121899605,8001.8255194505,2174.19310251224,66.471,NA,NA,63.2515316469123,5222536,0.614
COG,"Congo, Rep.",Sub-Saharan Africa,Lower middle income,2017,NA,NA,NA,NA,8.649999619,7372.77046737599,2003.27121075187,66.458,NA,NA,63.3544545340423,5351011,0.607
COG,"Congo, Rep.",Sub-Saharan Africa,Lower middle income,2018,NA,NA,NA,NA,11.8071003,7029.33651566257,1909.9560382117,66.472,NA,NA,63.4434577481975,5483118,0.608
COG,"Congo, Rep.",Sub-Saharan Africa,Lower middle income,2019,NA,NA,NA,NA,16.11639977,6939.36913397466,1885.51080877731,66.513,NA,NA,63.5176376123385,5616661,0.593
COG,"Congo, Rep.",Sub-Saharan Africa,Lower middle income,2020,NA,NA,NA,NA,21.99850082,6350.50913409722,1725.51040049963,63.276,NA,NA,63.5760904494257,5752791,0.589
COG,"Congo, Rep.",Sub-Saharan Africa,Lower middle income,2021,NA,NA,NA,NA,30.02739906,6263.21161292636,1701.79060456872,64.018,NA,NA,63.6179125824196,5892183,0.588
COG,"Congo, Rep.",Sub-Saharan Africa,Lower middle income,2022,NA,NA,NA,NA,40.98669815,6205.1050414034,1686.00234391385,65.72,NA,NA,63.6422003342807,6035104,0.578
COG,"Congo, Rep.",Sub-Saharan Africa,Lower middle income,2023,NA,NA,NA,NA,43.15039825,6172.28776650683,1677.08549205924,65.642,NA,NA,63.6626757615625,6182885,0.565
COG,"Congo, Rep.",Sub-Saharan Africa,Lower middle income,2024,NA,NA,NA,NA,47.25159836,6152.5650911844205,1671.7266018229,65.604,NA,NA,63.8866111699904,6332961,NA
CIV,Cote d'Ivoire,Sub-Saharan Africa,Lower middle income,2015,NA,NA,NA,NA,38.4400001654616,5110.90021438908,1814.71855088017,59.228,37.982068610823,NA,49.4694894689553,25246342,0.631
CIV,Cote d'Ivoire,Sub-Saharan Africa,Lower middle income,2016,NA,NA,NA,NA,41.2078149304414,5320.88582199186,1889.27777949938,58.173,40.5872787120579,28.999,49.929991034032,25989405,0.633
CIV,Cote d'Ivoire,Sub-Saharan Africa,Lower middle income,2017,26.3981,60.2019,33.8038,0.43849280504435906,43.8399208514876,5556.1547631509,1972.81431788947,57.507,43.9337901584799,32.40814,50.3977309654344,26733372,0.627
CIV,Cote d'Ivoire,Sub-Saharan Africa,Lower middle income,2018,29.3579,45.2287,15.870800000000003,0.6490989128584284,37.546536130128104,5670.24199741353,2013.32307598499,56.841,46.3947128556196,35.05883,50.8718477756395,27464173,0.622
CIV,Cote d'Ivoire,Sub-Saharan Africa,Lower middle income,2019,32.9244,39.8089,6.884500000000003,0.8270612852904752,36.2889545655205,5894.92235259103,2093.09994335779,56.176,49.4831223999723,NA,51.3514799771241,28193009,0.605
CIV,Cote d'Ivoire,Sub-Saharan Africa,Lower middle income,2020,NA,NA,NA,NA,36.01660156,5787.85814696561,2055.08483996432,56.484,51.9265625097734,NA,51.8357660823651,28915449,0.602
CIV,Cote d'Ivoire,Sub-Saharan Africa,Lower middle income,2021,NA,NA,NA,NA,35.95069885,6045.20480490881,2146.46047529012,57.846,54.4109890656109,NA,52.3183461956059,29639736,0.594
CIV,Cote d'Ivoire,Sub-Saharan Africa,Lower middle income,2022,33.9081,43.2628,9.354700000000001,0.783770352358146,38.41328122,6272.26395760029,2227.08197820584,59.059,52.166846663702,NA,52.8492549676673,30395002,0.593
CIV,Cote d'Ivoire,Sub-Saharan Africa,Lower middle income,2023,35.3225,46.4065,11.084000000000003,0.7611541486645189,40.65284979,6520.89886459765,2315.36434710324,59.258,63.094766197367,NA,53.4075201638704,31165654,0.589
CIV,Cote d'Ivoire,Sub-Saharan Africa,Lower middle income,2024,38.2892,44.5221,6.232900000000001,0.8600043573865563,41.43219902,6747.0379677706,2395.65916961845,59.465,64.4785040152839,NA,53.9733113940142,31934230,NA
CUB,Cuba,Latin America & Caribbean,Upper middle income,2015,39.7031,34.8788,-4.824300000000001,1.1383161117928369,37.3050974155373,NA,7727.91997207998,44.31,97.5443944674153,85.6546,76.8702850341797,11275065,0.307
CUB,Cuba,Latin America & Caribbean,Upper middle income,2016,NA,NA,NA,NA,42.9786751910106,NA,7774.0698462623,44.479,99.2363989742163,86.31438,76.9115829467773,11265612,0.307
CUB,Cuba,Latin America & Caribbean,Upper middle income,2017,NA,NA,NA,NA,57.1484043170788,NA,7927.27769431767,44.641,99.8315436409602,86.37745,76.9603271484375,11247829,0.307
CUB,Cuba,Latin America & Caribbean,Upper middle income,2018,NA,NA,NA,NA,62.6789236230601,NA,8120.43123558256,44.767,100.943717956543,86.70001,77.0156326293945,11227118,0.303
CUB,Cuba,Latin America & Caribbean,Upper middle income,2019,75.1128,60.7326,-14.380199999999995,1.2367789292735696,67.9708086565152,NA,8124.75282059108,44.687,101.62084197998,NA,77.0728225708008,11202846,0.304
CUB,Cuba,Latin America & Caribbean,Upper middle income,2020,NA,NA,NA,NA,71.11907507,NA,7252.28811179844,42.291,102.091444168153,NA,77.1080322265625,11176354,0.303
CUB,Cuba,Latin America & Caribbean,Upper middle income,2021,NA,NA,NA,NA,67.64354869,NA,7379.04275283674,42.429,99.8342771913984,NA,77.0987701416016,11122168,0.298
CUB,Cuba,Latin America & Caribbean,Upper middle income,2022,NA,NA,NA,NA,67.88410187,NA,7552.33152218842,41.921,104.243159338676,NA,77.1056060791016,11059820,0.297
CUB,Cuba,Latin America & Caribbean,Upper middle income,2023,NA,NA,NA,NA,69.55580139,NA,7433.42885399674,41.159,96.3481332918381,NA,77.1259872296321,11019931,0.296
CUB,Cuba,Latin America & Caribbean,Upper middle income,2024,NA,NA,NA,NA,70.47699738,NA,7381.39774048869,40.393,92.6143549896492,NA,77.1664929228275,10979783,NA
DJI,Djibouti,"Middle East, North Africa, Afghanistan & Pakistan",Lower middle income,2015,NA,NA,NA,NA,22.89999962,4961.8681860592,2376.12554719873,17.785,NA,37.27547,71.0068853915837,1020313,NA
DJI,Djibouti,"Middle East, North Africa, Afghanistan & Pakistan",Lower middle income,2016,NA,NA,NA,NA,30.799999239999998,5226.50026106607,2502.85181449431,17.959,NA,NA,71.1492236341041,1037653,NA
DJI,Djibouti,"Middle East, North Africa, Afghanistan & Pakistan",Lower middle income,2017,51.6488,59.9001,8.2513,0.862248977881506,55.6814092453962,5421.95649149613,2596.45134698268,18.146,NA,NA,71.318261933957,1054841,0.547
DJI,Djibouti,"Middle East, North Africa, Afghanistan & Pakistan",Lower middle income,2018,NA,NA,NA,NA,57.06169891,5590.50426604853,2677.1650334451,18.34,NA,NA,71.5153442785902,1071882,0.499
DJI,Djibouti,"Middle East, North Africa, Afghanistan & Pakistan",Lower middle income,2019,NA,NA,NA,NA,58.4762001,5809.30455041341,2781.94350113484,18.531,NA,NA,71.7418146554518,1088709,0.492
DJI,Djibouti,"Middle East, North Africa, Afghanistan & Pakistan",Lower middle income,2020,NA,NA,NA,NA,59.92570114,5791.47767679877,2773.40661780097,18.264,NA,NA,71.9990170519895,1105188,0.486
DJI,Djibouti,"Middle East, North Africa, Afghanistan & Pakistan",Lower middle income,2021,NA,NA,NA,NA,61.41120148,5960.10807396825,2854.15987035097,18.537,NA,NA,72.2882954556515,1121248,0.483
DJI,Djibouti,"Middle East, North Africa, Afghanistan & Pakistan",Lower middle income,2022,NA,NA,NA,NA,63.77600098,6180.67998594606,2959.78673011268,18.678,NA,NA,72.6109938538856,1137096,0.482
DJI,Djibouti,"Middle East, North Africa, Afghanistan & Pakistan",Lower middle income,2023,NA,NA,NA,NA,64.75869751,6510.67859061619,3117.8155381531,18.936,NA,NA,72.8408245988921,1152944,0.481
DJI,Djibouti,"Middle East, North Africa, Afghanistan & Pakistan",Lower middle income,2024,NA,NA,NA,NA,65.29889679,6871.12440453129,3290.42482052598,19.235,NA,NA,72.9052635052978,1168722,NA
DMA,Dominica,Latin America & Caribbean,Upper middle income,2015,NA,NA,NA,NA,65,16920.9126555668,8282.59874702141,NA,92.5211486816406,81.9211,69.8679153463528,70410,NA
DMA,Dominica,Latin America & Caribbean,Upper middle income,2016,NA,NA,NA,NA,67.02999878,17364.0773046793,8499.52291903149,NA,NA,91.18397,70.2511605730541,69606,NA
DMA,Dominica,Latin America & Caribbean,Upper middle income,2017,NA,NA,NA,NA,69.61969757,16314.2295558891,7985.6341102129,NA,NA,NA,70.6405848604787,68496,NA
DMA,Dominica,Latin America & Caribbean,Upper middle income,2018,NA,NA,NA,NA,NA,16877.1244880642,8261.16492553236,NA,NA,NA,71.0362526779762,68174,NA
DMA,Dominica,Latin America & Caribbean,Upper middle income,2019,NA,NA,NA,NA,73.38200378,17619.4335416769,8624.51695993537,NA,103.694158075601,NA,71.4382284948964,67880,NA
DMA,Dominica,Latin America & Caribbean,Upper middle income,2020,NA,NA,NA,NA,75.65670013,14919.5307686719,7302.94454951254,NA,103.190559387207,NA,71.846576780589,67573,NA
DMA,Dominica,Latin America & Caribbean,Upper middle income,2021,NA,NA,NA,NA,78.07949829,15808.9743503945,7738.31730070386,NA,101.098901098901,NA,72.2613620044042,67202,NA
DMA,Dominica,Latin America & Caribbean,Upper middle income,2022,NA,NA,NA,NA,80.57980347,17550.8009946466,8590.92209069816,NA,100.132102966309,NA,72.682648635692,66826,NA
DMA,Dominica,Latin America & Caribbean,Upper middle income,2023,NA,NA,NA,NA,81.33650208,18278.2253401989,8946.98822588042,NA,96.3274307250977,NA,73.1105011438027,66510,NA
DMA,Dominica,Latin America & Caribbean,Upper middle income,2024,NA,NA,NA,NA,82.04689789,18739.3640404986,9172.71049624795,NA,NA,NA,73.5449839980866,66205,NA
DOM,Dominican Republic,Latin America & Caribbean,Upper middle income,2015,NA,NA,NA,NA,54.2157663369785,17973.1870256815,6800.95309395474,48.157,83.8323050910617,72.32872,74.1372305958285,10434829,0.466
DOM,Dominican Republic,Latin America & Caribbean,Upper middle income,2016,NA,NA,NA,NA,63.8708647408206,18968.9752386179,7177.75376475488,48.821,83.7006235554531,73.23349,74.0506780735522,10551430,0.452
DOM,Dominican Republic,Latin America & Caribbean,Upper middle income,2017,67.8415,67.2903,-0.5511999999999944,1.0081913737938455,67.5712453277737,19501.8743054078,7379.39978067137,49.009,83.2663415112375,74.18809,73.926806252977,10666843,0.449
DOM,Dominican Republic,Latin America & Caribbean,Upper middle income,2018,75.0359,74.6039,-0.43200000000000216,1.0057905819937027,74.8220483597284,20662.848586153,7818.70593240469,50.285,83.2545036540322,74.54667,73.7589255716938,10782053,0.45
DOM,Dominican Republic,Latin America & Caribbean,Upper middle income,2019,NA,NA,NA,NA,79.71549988,21451.286441995,8117.04639185786,52.542,85.3244113670457,NA,73.5403464672933,10894043,0.437
DOM,Dominican Republic,Latin America & Caribbean,Upper middle income,2020,NA,NA,NA,NA,81.61730194,19545.4099552943,7395.8734262396,47.412,83.4156580342242,NA,73.2643793773663,11008300,0.431
DOM,Dominican Republic,Latin America & Caribbean,Upper middle income,2021,85.8945,84.579,-1.3155000000000001,1.0155535061894796,85.24298638,22053.4589869955,8344.90510312395,51.06,79.2421801882118,NA,72.9243347395035,11123476,0.423
DOM,Dominican Republic,Latin America & Caribbean,Upper middle income,2022,83.1923,79.7699,-3.422399999999996,1.0429034009068583,81.51269675,22986.95808105,8698.13592094395,50.478,80.1246063749448,NA,72.4203155643711,11230734,0.422
DOM,Dominican Republic,Latin America & Caribbean,Upper middle income,2023,NA,NA,NA,NA,86.12689972,23282.4895071054,8809.96335385949,52.482,79.048372719494,NA,72.3577991823338,11331265,0.417
DOM,Dominican Republic,Latin America & Caribbean,Upper middle income,2024,91.2981,90.6907,-0.6073999999999984,1.0066974893787346,91.0022446,24229.8894872915,9168.45418897141,53.266,80.5245385688015,NA,72.4121874752151,11427557,NA
ECU,Ecuador,Latin America & Caribbean,Upper middle income,2015,48.4862,49.4127,0.9265000000000043,0.9812497596771679,48.9404337892669,13881.5700738105,5976.1596805651,51.905,102.632553100586,85.96723,62.959188676731,16266225,0.391
ECU,Ecuador,Latin America & Caribbean,Upper middle income,2016,53.5403,54.6043,1.064,0.9805143550965767,54.0629247288864,13586.5160772568,5849.13587933672,55.406,99.4637598671025,87.17883,62.9913367571804,16505139,0.386
ECU,Ecuador,Latin America & Caribbean,Upper middle income,2017,NA,NA,NA,NA,55.79999924,14179.1537503305,6104.27253521751,56.173,97.4745655657693,86.53268,63.0194591842425,16759519,0.389
ECU,Ecuador,Latin America & Caribbean,Upper middle income,2018,NA,NA,NA,NA,57.5,14083.5069982304,6063.0956178776,54.481,96.3960714193164,86.0294,63.0433276812321,17049547,0.391
ECU,Ecuador,Latin America & Caribbean,Upper middle income,2019,NA,NA,NA,NA,59.2,13870.4895118068,5971.38938386723,54.402,95.28924793166,NA,63.0627139714638,17340021,0.388
ECU,Ecuador,Latin America & Caribbean,Upper middle income,2020,NA,NA,NA,NA,70.7,12440.3263747814,5355.68934196443,48.241,96.0492095947266,NA,63.0773897782521,17546065,0.373
ECU,Ecuador,Latin America & Caribbean,Upper middle income,2021,NA,NA,NA,NA,69.1147995,13507.4445638375,5815.09477390949,53.63,95.8818069146481,NA,63.0871268249117,17682454,0.366
ECU,Ecuador,Latin America & Caribbean,Upper middle income,2022,69.6337,69.8066,0.1728999999999985,0.9975231568361731,69.71811356,14186.6388544625,6107.49495006543,54.244,95.6203503719702,NA,63.0901835932266,17823897,0.364
ECU,Ecuador,Latin America & Caribbean,Upper middle income,2023,72.9855,72.3919,-0.593599999999995,1.0081998124099518,72.6943146,14321.1648295611,6165.40977555695,52.521,94.1827583420861,NA,63.1307729554263,17980083,0.358
ECU,Ecuador,Latin America & Caribbean,Upper middle income,2024,78.153,76.1506,-2.0024000000000086,1.0262952622828974,77.17273115,13922.4222780744,5993.74697758454,52.394,NA,NA,63.2376932397602,18135478,NA
EGY,"Egypt, Arab Rep.","Middle East, North Africa, Afghanistan & Pakistan",Lower middle income,2015,34.7771,40.7961,6.0190000000000055,0.8524613872404468,37.8193834276939,13425.9119599492,3306.98159414141,22.813,NA,NA,42.6056314089048,99597342,0.542
EGY,"Egypt, Arab Rep.","Middle East, North Africa, Afghanistan & Pakistan",Lower middle income,2016,38.213,44.1666,5.953600000000002,0.8652013059642354,41.2480670885772,13727.3201600816,3381.22246307712,23.072,74.7882619375541,80.90166,42.5210717266225,101644589,0.412
EGY,"Egypt, Arab Rep.","Middle East, North Africa, Afghanistan & Pakistan",Lower middle income,2017,39.8372,49.96,10.122799999999998,0.7973819055244196,44.9502042452857,14018.3605934411,3452.90961245976,22.184,75.3094821649971,81.87378,42.4486008687179,103696057,0.405
EGY,"Egypt, Arab Rep.","Middle East, North Africa, Afghanistan & Pakistan",Lower middle income,2018,41.2837,52.4345,11.150799999999997,0.7873384889719556,46.92433676792,14488.2094340261,3568.63966286365,18.415,75.9067103552346,83.12511,42.4577177449969,105682094,0.416
EGY,"Egypt, Arab Rep.","Middle East, North Africa, Afghanistan & Pakistan",Lower middle income,2019,52.987,61.5413,8.554299999999998,0.8609990364194452,57.2828663990195,15026.568243683,3701.2446344954,15.859,76.911298614293,NA,42.4812027332648,107553158,0.424
EGY,"Egypt, Arab Rep.","Middle East, North Africa, Afghanistan & Pakistan",Lower middle income,2020,70.5374,73.2141,2.6766999999999967,0.9634401023846499,71.91420096,15309.2359881835,3770.86947868544,14.609,78.4118910481273,NA,42.5181534630674,109315124,0.405
EGY,"Egypt, Arab Rep.","Middle East, North Africa, Afghanistan & Pakistan",Lower middle income,2021,NA,NA,NA,NA,72.05599976,15579.0160861551,3837.31992325256,15.59,80.3491927630684,NA,42.5686062621468,110957008,0.395
EGY,"Egypt, Arab Rep.","Middle East, North Africa, Afghanistan & Pakistan",Lower middle income,2022,65.188,79.2587,14.070700000000002,0.8224712239791973,72.19806556,16360.390775011,4029.78295458204,15.233,NA,NA,42.6325129008032,112618250,0.399
EGY,"Egypt, Arab Rep.","Middle East, North Africa, Afghanistan & Pakistan",Lower middle income,2023,NA,NA,NA,NA,74.01190186,16691.3873991962,4111.3118479018,18.478,83.0465220652019,NA,42.7098115041919,114535772,0.398
EGY,"Egypt, Arab Rep.","Middle East, North Africa, Afghanistan & Pakistan",Lower middle income,2024,NA,NA,NA,NA,74.64839935,16798.151577838,4137.6092923313,18.468,83.9216814420657,NA,42.8004363938404,116538258,NA
SLV,El Salvador,Latin America & Caribbean,Upper middle income,2015,25.6096,28.1568,2.5472,0.9095351744516422,26.8026049600572,9646.15432339854,3790.34089108162,45.09,72.0438162131663,66.13285,69.6982116699219,6183676,0.378
SLV,El Salvador,Latin America & Caribbean,Upper middle income,2016,NA,NA,NA,NA,28.99710083,9863.76121214453,3875.84691357954,45.811,69.2825794984198,64.81167,70.3990173339844,6200800,0.37
SLV,El Salvador,Latin America & Caribbean,Upper middle income,2017,32.7032,35.1203,2.417099999999998,0.931176556008918,33.8207289048526,10064.7934942601,3954.84014277572,45.154,66.9212075557367,60.83482,71.0856704711914,6213533,0.37
SLV,El Salvador,Latin America & Caribbean,Upper middle income,2018,NA,NA,NA,NA,43.79999924,10297.203612692,4046.16291720583,44.928,67.797487363072,62.55455,71.7577209472656,6219807,0.368
SLV,El Salvador,Latin America & Caribbean,Upper middle income,2019,48.8709,52.3796,3.5087000000000046,0.9330139978159435,50.4911940673888,10543.9383291317,4143.11437097867,45.983,66.123873218959,NA,72.4148941040039,6222318,0.358
SLV,El Salvador,Latin America & Caribbean,Upper middle income,2020,52.3743,57.1996,4.825299999999999,0.9156410184686606,54.60136976,9692.44931605799,3808.53195436409,43.207,66.5137094782116,NA,73.0570220947266,6234673,0.359
SLV,El Salvador,Latin America & Caribbean,Upper middle income,2021,NA,NA,NA,NA,57.26380157,10809.713399518,4247.54750394978,45.217,67.7409182456172,NA,73.6838531494141,6255782,0.369
SLV,El Salvador,Latin America & Caribbean,Upper middle income,2022,NA,NA,NA,NA,60.05609894,11085.6166169553,4355.96037108555,46.028,68.410512155513,NA,74.1465021298679,6280319,0.366
SLV,El Salvador,Latin America & Caribbean,Upper middle income,2023,NA,NA,NA,NA,62.61989975,11404.3342262685,4481.19664108356,48.521,68.5344206950006,NA,74.6080675149903,6309624,0.362
SLV,El Salvador,Latin America & Caribbean,Upper middle income,2024,NA,NA,NA,NA,66.47769928,11647.0234480127,4576.55846613444,48.957,61.1295384065253,NA,75.0674905102199,6338193,NA
GNQ,Equatorial Guinea,Sub-Saharan Africa,Upper middle income,2015,NA,NA,NA,NA,21.31999969,27797.7942803179,9068.91003238645,53.596,NA,NA,68.951270615355,1453923,NA
GNQ,Equatorial Guinea,Sub-Saharan Africa,Upper middle income,2016,NA,NA,NA,NA,23.78000069,24435.0645564801,7971.83401904573,53.745,NA,NA,69.253269853051,1508186,NA
GNQ,Equatorial Guinea,Sub-Saharan Africa,Upper middle income,2017,NA,NA,NA,NA,26.23999977,22250.4389230263,7259.10936454803,53.85,NA,NA,69.5516019132985,1562396,NA
GNQ,Equatorial Guinea,Sub-Saharan Africa,Upper middle income,2018,NA,NA,NA,NA,29.39999962,20165.4795550607,6578.90039765711,53.911,NA,NA,69.8396623666175,1616422,NA
GNQ,Equatorial Guinea,Sub-Saharan Africa,Upper middle income,2019,NA,NA,NA,NA,49.13370132,18446.5916579681,6018.12066321865,53.931,NA,NA,70.1175419547293,1670177,NA
GNQ,Equatorial Guinea,Sub-Saharan Africa,Upper middle income,2020,NA,NA,NA,NA,55.00130081,17089.153726379,5575.26241511492,50.146,NA,NA,70.3853314193247,1716468,NA
GNQ,Equatorial Guinea,Sub-Saharan Africa,Upper middle income,2021,NA,NA,NA,NA,58.71730042,16821.4486470413,5487.92479201992,50.951,NA,NA,70.6431215020592,1758786,NA
GNQ,Equatorial Guinea,Sub-Saharan Africa,Upper middle income,2022,NA,NA,NA,NA,63.65950012,16932.7706827155,5524.24312418579,53.526,NA,NA,70.8910029445467,1803545,NA
GNQ,Equatorial Guinea,Sub-Saharan Africa,Upper middle income,2023,NA,NA,NA,NA,63.51950073,15302.1517835147,4992.26076814571,53.265,NA,NA,71.1290664883517,1847549,NA
GNQ,Equatorial Guinea,Sub-Saharan Africa,Upper middle income,2024,NA,NA,NA,NA,63.29930115,14997.7564392976,4892.95310498567,53.044,NA,NA,71.3574028749806,1892516,NA
ERI,Eritrea,Sub-Saharan Africa,Low income,2015,NA,NA,NA,NA,1.083699942,NA,NA,73.372,41.9455795288086,39.88844,35.591007232666,3105546,NA
ERI,Eritrea,Sub-Saharan Africa,Low income,2016,NA,NA,NA,NA,1.177099943,NA,NA,73.273,NA,NA,35.5254287719727,3124698,NA
ERI,Eritrea,Sub-Saharan Africa,Low income,2017,NA,NA,NA,NA,2.496099949,NA,NA,73.159,42.0257682800293,39.03466,35.4427146911621,3150347,NA
ERI,Eritrea,Sub-Saharan Africa,Low income,2018,NA,NA,NA,NA,5.293000221,NA,NA,73.044,43.4416885375977,40.25675,35.3451042175293,3192760,NA
ERI,Eritrea,Sub-Saharan Africa,Low income,2019,NA,NA,NA,NA,11.22379971,NA,NA,72.929,NA,NA,35.2352333068848,3240194,NA
ERI,Eritrea,Sub-Saharan Africa,Low income,2020,NA,NA,NA,NA,14.34939957,NA,NA,71.989,NA,NA,35.116138458252,3291271,NA
ERI,Eritrea,Sub-Saharan Africa,Low income,2021,NA,NA,NA,NA,NA,NA,NA,72.622,NA,NA,34.9871139526367,3350183,NA
ERI,Eritrea,Sub-Saharan Africa,Low income,2022,NA,NA,NA,NA,NA,NA,NA,72.851,40.2760810852051,NA,34.8469276428223,3409447,NA
ERI,Eritrea,Sub-Saharan Africa,Low income,2023,NA,NA,NA,NA,NA,NA,NA,72.862,NA,NA,34.696403503418,3470390,NA
ERI,Eritrea,Sub-Saharan Africa,Low income,2024,NA,NA,NA,NA,NA,NA,NA,72.854,NA,NA,34.5365524291992,3535603,NA
SWZ,Eswatini,Sub-Saharan Africa,Lower middle income,2015,NA,NA,NA,NA,25.64299965,9186.65344720515,3419.82276559528,46.819,76.7041397094727,47.09057,23.2660261759632,1142813,0.547
SWZ,Eswatini,Sub-Saharan Africa,Lower middle income,2016,NA,NA,NA,NA,28.56999969,9402.50834103681,3500.17688847942,46.965,82.1736533366008,NA,23.5278881746356,1149507,0.533
SWZ,Eswatini,Sub-Saharan Africa,Lower middle income,2017,NA,NA,NA,NA,35.33160019,9660.55161538086,3596.23605400492,47.016,NA,NA,23.8052004963161,1158195,0.521
SWZ,Eswatini,Sub-Saharan Africa,Lower middle income,2018,NA,NA,NA,NA,39.38100052,9578.10061089805,3565.54285067501,47.083,NA,NA,24.0579295404227,1168929,0.525
SWZ,Eswatini,Sub-Saharan Africa,Lower middle income,2019,NA,NA,NA,NA,43.93389893,10099.5863118406,3759.67106964666,47.158,NA,NA,24.3459549517751,1179874,0.526
SWZ,Eswatini,Sub-Saharan Africa,Lower middle income,2020,NA,NA,NA,NA,49.01300049,9695.82498058755,3609.3669136859,46.452,NA,NA,24.6652798922192,1192729,0.505
SWZ,Eswatini,Sub-Saharan Africa,Lower middle income,2021,NA,NA,NA,NA,53.99530029,9990.43491951205,3719.03838239806,46.901,NA,NA,25.0156180525173,1206593,0.503
SWZ,Eswatini,Sub-Saharan Africa,Lower middle income,2022,NA,NA,NA,NA,57.34370041,9927.60567008139,3695.64957179548,47.227,NA,NA,25.396682918542002,1218917,0.494
SWZ,Eswatini,Sub-Saharan Africa,Lower middle income,2023,NA,NA,NA,NA,61.33330154,10181.5040730397,3790.16576788091,48.24,NA,NA,25.8081878500755,1230506,0.484
SWZ,Eswatini,Sub-Saharan Africa,Lower middle income,2024,NA,NA,NA,NA,63.40309906,10386.2145717572,3866.37127926695,48.422,NA,NA,26.2498461258639,1242822,NA
ETH,Ethiopia,Sub-Saharan Africa,Low income,2015,NA,NA,NA,NA,13.8551755555556,1957.41454184551,597.912113218663,70.185,33.3210265952712,30.3126,19.451566696167,103867135,0.533
ETH,Ethiopia,Sub-Saharan Africa,Low income,2016,NA,NA,NA,NA,15.3669238595896,2084.84055616471,636.835680951429,68.148,NA,NA,19.8763618469238,106718162,0.524
ETH,Ethiopia,Sub-Saharan Africa,Low income,2017,NA,NA,NA,NA,15.62440014,2222.82824478259,678.98541915757,66.108,NA,NA,20.3084850311279,109666481,0.52
ETH,Ethiopia,Sub-Saharan Africa,Low income,2018,NA,NA,NA,NA,15.88619995,2311.16511656359,705.96881207336,64.059,NA,NA,20.7838096618652,112664152,0.513
ETH,Ethiopia,Sub-Saharan Africa,Low income,2019,NA,NA,NA,NA,15.98460007,2437.97046047967,744.702789740042,62.001,NA,NA,21.2486705780029,115737383,0.509
ETH,Ethiopia,Sub-Saharan Africa,Low income,2020,NA,NA,NA,NA,16.06959915,2516.54907638899,768.705424484873,59.297,NA,NA,21.6260051727295,118917671,0.502
ETH,Ethiopia,Sub-Saharan Africa,Low income,2021,13.7072,19.7244,6.017199999999999,0.6949362211271319,16.6981031,2588.41310213778,790.657019602458,57.555,NA,NA,22.1067085266113,122138588,0.497
ETH,Ethiopia,Sub-Saharan Africa,Low income,2022,NA,NA,NA,NA,17.9836998,2655.59276743639,811.177729337321,58.001,NA,NA,22.7367687225342,125384287,0.498
ETH,Ethiopia,Sub-Saharan Africa,Low income,2023,NA,NA,NA,NA,20.33749962,2757.95923626099,842.446604881663,58.141,NA,NA,23.0586471557617,128691692,0.497
ETH,Ethiopia,Sub-Saharan Africa,Low income,2024,NA,NA,NA,NA,21.94129944,2892.22220162795,883.458588614999,58.391,NA,NA,23.6222839355469,132059767,NA
FJI,Fiji,East Asia & Pacific,Upper middle income,2015,NA,NA,NA,NA,42.5,11674.0633676202,5097.53106864695,40.016,89.4052671769281,NA,54.6234188083653,918578,0.334
FJI,Fiji,East Asia & Pacific,Upper middle income,2016,NA,NA,NA,NA,49.41999817,11951.9196738327,5218.85824573477,38.51,90.7946273675174,NA,55.1734720973874,919166,0.333
FJI,Fiji,East Asia & Pacific,Upper middle income,2017,NA,NA,NA,NA,53.6473999,12597.327485488,5500.67840280072,38.501,NA,NA,55.7408343449609,918759,0.325
FJI,Fiji,East Asia & Pacific,Upper middle income,2018,NA,NA,NA,NA,58.2364006,13100.095939444,5720.21445752907,38.505,93.1892646769198,NA,56.2328347385698,917180,0.313
FJI,Fiji,East Asia & Pacific,Upper middle income,2019,NA,NA,NA,NA,63.21789932,13056.3310937089,5701.10434532357,38.526,94.1516926967393,NA,56.70989552257,914899,0.317
FJI,Fiji,East Asia & Pacific,Upper middle income,2020,NA,NA,NA,NA,68.62560272,10812.0355014178,4721.12281287253,36.179,93.3745574951172,NA,57.186684691874,914963,0.317
FJI,Fiji,East Asia & Pacific,Upper middle income,2021,NA,NA,NA,NA,70.56800079,10322.4279638854,4507.33353013335,36.55,94.6174004192872,NA,57.6618364761928,916711,0.31
FJI,Fiji,East Asia & Pacific,Upper middle income,2022,NA,NA,NA,NA,72.56549835,12118.3182710082,5291.51692439451,38.205,96.1407038662342,NA,58.1352701465266,919422,0.314
FJI,Fiji,East Asia & Pacific,Upper middle income,2023,NA,NA,NA,NA,74.1160965,13194.8047570404,5761.56947891018,38.419,99.1709898140329,NA,58.6069049738768,924145,0.35
FJI,Fiji,East Asia & Pacific,Upper middle income,2024,NA,NA,NA,NA,74.7052002,13592.4635937435,5935.20895738332,38.501,99.1615984606398,NA,59.0766602292457,928784,NA
GAB,Gabon,Sub-Saharan Africa,Upper middle income,2015,NA,NA,NA,NA,45.78450012,20147.7116201795,7047.12654634355,41.453,NA,NA,88.085308383892,2040989,0.53
GAB,Gabon,Sub-Saharan Africa,Upper middle income,2016,NA,NA,NA,NA,48.0522995,19988.1755963186,6991.3251446736,41.649,NA,NA,88.5445883406178,2100306,0.531
GAB,Gabon,Sub-Saharan Africa,Upper middle income,2017,NA,NA,NA,NA,51.60490036,19555.707882916,6840.05959347802,41.796,NA,NA,89.0009733256896,2156900,0.528
GAB,Gabon,Sub-Saharan Africa,Upper middle income,2018,NA,NA,NA,NA,55.42020035,19225.5982574678,6724.5961429108,41.909,NA,NA,89.4539949981866,2212318,0.531
GAB,Gabon,Sub-Saharan Africa,Upper middle income,2019,NA,NA,NA,NA,59.51760101,19491.4067631396,6817.56879468764,41.994,72.0510629415333,NA,89.9031850170394,2267706,0.527
GAB,Gabon,Sub-Saharan Africa,Upper middle income,2020,NA,NA,NA,NA,63.91790009,18681.4840738546,6534.27966529444,39.063,NA,NA,90.3480750410147,2322539,0.531
GAB,Gabon,Sub-Saharan Africa,Upper middle income,2021,NA,NA,NA,NA,65.76809692,18523.5798032135,6479.0490069252,39.763,NA,NA,90.7881967286967,2376722,0.523
GAB,Gabon,Sub-Saharan Africa,Upper middle income,2022,NA,NA,NA,NA,67.67169952,18662.0497970472,6527.48207901861,41.904,NA,NA,91.2243355459988,2430747,0.522
GAB,Gabon,Sub-Saharan Africa,Upper middle income,2023,NA,NA,NA,NA,68.19789886,18701.4227766323,6541.25368618042,41.876,NA,NA,91.6375962797313,2484789,0.505
GAB,Gabon,Sub-Saharan Africa,Upper middle income,2024,NA,NA,NA,NA,68.72090149,18923.6616609778,6618.9868586134,41.808,NA,NA,91.8632094677575,2538952,NA
GMB,"Gambia, The",Sub-Saharan Africa,Low income,2015,NA,NA,NA,NA,17.59950066,2495.95741601525,619.536364296461,44.465,NA,NA,59.2458499408388,2224529,0.618
GMB,"Gambia, The",Sub-Saharan Africa,Low income,2016,NA,NA,NA,NA,19.90640068,2478.46055756999,615.193365494386,44.377,NA,NA,59.8652472486563,2283769,0.609
GMB,"Gambia, The",Sub-Saharan Africa,Low income,2017,NA,NA,NA,NA,22.5156002,2533.18683710276,628.777299272925,44.498,NA,NA,60.471712657237,2342189,0.597
GMB,"Gambia, The",Sub-Saharan Africa,Low income,2018,NA,NA,NA,NA,28.30900002,2651.43281455826,658.127833258563,44.792,NA,NA,61.0645869348107,2399632,0.594
GMB,"Gambia, The",Sub-Saharan Africa,Low income,2019,NA,NA,NA,NA,31.11829948,2750.82132179634,682.797642940426,45.017,NA,NA,61.643210849607,2456844,0.586
GMB,"Gambia, The",Sub-Saharan Africa,Low income,2020,NA,NA,NA,NA,36.01100159,2702.31919474482,670.758642891251,44.823,NA,NA,62.2069251698555,2515733,0.589
GMB,"Gambia, The",Sub-Saharan Africa,Low income,2021,NA,NA,NA,NA,41.67309952,2777.79620978324,689.49323955737,44.967,116.372766553778,NA,62.7550706637859,2576010,0.585
GMB,"Gambia, The",Sub-Saharan Africa,Low income,2022,NA,NA,NA,NA,48.22539902,2863.18049829859,710.686979216316,45.13,NA,NA,63.2869880996278,2636470,0.581
GMB,"Gambia, The",Sub-Saharan Africa,Low income,2023,NA,NA,NA,NA,48.72829819,2963.59873467436,735.612384062616,45.242,NA,NA,63.8020182456108,2697845,0.578
GMB,"Gambia, The",Sub-Saharan Africa,Low income,2024,NA,NA,NA,NA,49.49430084,3057.6841778633,758.965888826955,45.428,NA,NA,64.2994103409645,2759988,NA
GEO,Georgia,Europe & Central Asia,Upper middle income,2015,45.4722,49.9115,4.439299999999996,0.9110565701291287,47.5697596438736,14936.8434116647,4086.6223465965,58.678,104.703674077125,92.79255,57.3803800455672,3725276,0.36
GEO,Georgia,Europe & Central Asia,Upper middle income,2016,57.1146,59.9632,2.8485999999999976,0.9524941964404835,58.4592896118725,15442.9564358054,4225.09154904806,58.551,105.340707282856,93.5214,57.6984032005062,3727505,0.321
GEO,Georgia,Europe & Central Asia,Upper middle income,2017,58.289,61.2961,3.007100000000001,0.9509414138909327,59.7055045962571,16237.6242230275,4442.50744127374,58.382,106.843781110901,95.0518,57.9996827205757,3728004,0.303
GEO,Georgia,Europe & Central Asia,Upper middle income,2018,61.173,64.4942,3.3212000000000046,0.9485038964744116,62.7179081974285,17228.6790847503,4713.6535484530305,55.742,109.227803680577,96.84329,58.3038181862576,3726549,0.299
GEO,Georgia,Europe & Central Asia,Upper middle income,2019,67.7769,70.0848,2.3079000000000036,0.9670698924731183,68.8467135616978,18186.8816465807,4975.81148194814,54.716,109.182046396768,NA,58.6304091780343,3720161,0.296
GEO,Georgia,Europe & Central Asia,Upper middle income,2020,71.8538,73.3038,1.4499999999999886,0.980219306502528,72.53157487,17031.144028342602,4659.60925318234,55.206,105.57885771221,NA,58.9990552763878,3722716,0.271
GEO,Georgia,Europe & Central Asia,Upper middle income,2021,76.1159,76.8198,0.7039000000000044,0.9908369977531833,76.4427093,18915.6534005263,5175.19865185825,53.055,103.428793170353,NA,59.4293560618005,3708610,0.269
GEO,Georgia,Europe & Central Asia,Upper middle income,2022,78.5932,78.8499,0.25670000000000925,0.9967444473613789,78.71127536,20966.5280391134,5736.30449578597,55.755,100.530264984786,NA,60.0101622679115,3712502,0.257
GEO,Georgia,Europe & Central Asia,Upper middle income,2023,82.0899,81.6423,-0.4475999999999942,1.0054824521112218,81.88425624,22590.5293649146,6180.6206023429,56.251,99.8475609756098,NA,60.7523077799724,3715483,0.257
GEO,Georgia,Europe & Central Asia,Upper middle income,2024,84.4147,83.0962,-1.3185000000000002,1.0158671515664977,83.79855689,24146.6234108645,6606.35772271858,56.673,97.8280378119792,NA,61.0789605093733,3812518,NA
GHA,Ghana,Sub-Saharan Africa,Lower middle income,2015,NA,NA,NA,NA,23,5607.36635657413,1722.77282833606,65.049,64.5307806759859,55.00608,53.6226415210752,28696068,0.553
GHA,Ghana,Sub-Saharan Africa,Lower middle income,2016,NA,NA,NA,NA,28,5666.07795334591,1740.81101902928,64.013,65.3783920673892,55.50014,54.167052758274,29356742,0.543
GHA,Ghana,Sub-Saharan Africa,Lower middle income,2017,NA,NA,NA,NA,37.88420105,5993.63085211077,1841.44636153249,62.967,64.9647509332356,55.81603,54.6991419779128,30008354,0.534
GHA,Ghana,Sub-Saharan Africa,Lower middle income,2018,NA,NA,NA,NA,43,6234.51208201488,1915.4532323781,61.516,66.9166894213064,58.78122,55.218477566593,30637585,0.534
GHA,Ghana,Sub-Saharan Africa,Lower middle income,2019,NA,NA,NA,NA,22.0732,6508.24652305901,1999.55372220211,60.063,70.2943846951293,57.88249,55.7246279109161,31258945,0.525
GHA,Ghana,Sub-Saharan Africa,Lower middle income,2020,NA,NA,NA,NA,62.51760101,6412.68541762469,1970.19411460398,57.957,73.2758030599046,NA,56.2171613974837,31887809,0.529
GHA,Ghana,Sub-Saharan Africa,Lower middle income,2021,NA,NA,NA,NA,68.6,6607.50297378321,2030.04866500967,56.85,75.6377570946198,NA,56.6952556826536,32518665,0.524
GHA,Ghana,Sub-Saharan Africa,Lower middle income,2022,NA,NA,NA,NA,69.91329956,6728.45413832472,2067.20895855521,55.507,77.9574778013858,NA,57.250609602871,33149152,0.515
GHA,Ghana,Sub-Saharan Africa,Lower middle income,2023,NA,NA,NA,NA,70.67430115,6808.53775003964,2091.81335596465,55.53,NA,NA,57.8074737774654,33787914,0.514
GHA,Ghana,Sub-Saharan Africa,Lower middle income,2024,NA,NA,NA,NA,72.17569733,7072.79879594445,2173.00329800201,55.733,76.4284133911133,NA,58.3654868038581,34427414,NA
GRD,Grenada,Latin America & Caribbean,Upper middle income,2015,NA,NA,NA,NA,52.5,15136.6966673773,8694.12438005692,NA,105.264378478664,96.56098,35.9319491111708,114676,NA
GRD,Grenada,Latin America & Caribbean,Upper middle income,2016,NA,NA,NA,NA,53.29999924,15640.8274503805,8983.68397337899,NA,107.677725118483,NA,35.9706014181883,115130,NA
GRD,Grenada,Latin America & Caribbean,Upper middle income,2017,NA,NA,NA,NA,54.20000076,16291.4894625979,9357.40728883583,NA,106.911551474142,82.76135,36.0173296416579,115438,NA
GRD,Grenada,Latin America & Caribbean,Upper middle income,2018,NA,NA,NA,NA,61.42459869,16964.852001696,9744.16919577204,NA,111.967495690717,NA,36.0720421424532,115691,0.213
GRD,Grenada,Latin America & Caribbean,Upper middle income,2019,NA,NA,NA,NA,64.31279755,17036.9151689715,9785.56040240592,NA,NA,NA,36.1346465679904,115981,0.212
GRD,Grenada,Latin America & Caribbean,Upper middle income,2020,NA,NA,NA,NA,65.65380096,14647.7451384876,8413.28335500372,NA,105.387205387205,NA,36.2050502515788,116341,0.218
GRD,Grenada,Latin America & Caribbean,Upper middle income,2021,NA,NA,NA,NA,67.02279663,15290.250903138,8782.32193426078,NA,102.901307966706,NA,36.2831603706908,116688,0.226
GRD,Grenada,Latin America & Caribbean,Upper middle income,2022,NA,NA,NA,NA,68.42030334,16376.4273099594,9406.19337643226,NA,NA,NA,36.3688840183487,116913,0.227
GRD,Grenada,Latin America & Caribbean,Upper middle income,2023,NA,NA,NA,NA,69.4131012,17093.1562867447,9817.86383583917,NA,NA,NA,36.462128238584,117081,0.226
GRD,Grenada,Latin America & Caribbean,Upper middle income,2024,NA,NA,NA,NA,70.16159821,17484.5153919556,10042.6503142063,NA,101.705209063303,NA,36.5628000454229,117207,NA
GTM,Guatemala,Latin America & Caribbean,Upper middle income,2015,NA,NA,NA,NA,28.80590057,10785.9583125957,3893.50533299068,38.437,52.866427490626,42.89968,53.4411050262961,15971743,0.529
GTM,Guatemala,Latin America & Caribbean,Upper middle income,2016,NA,NA,NA,NA,34.50930023,10872.5938902469,3924.7789643024,39.525,52.5401757423553,42.78212,53.6609232857043,16268760,0.508
GTM,Guatemala,Latin America & Caribbean,Upper middle income,2017,NA,NA,NA,NA,37.90000153,11005.4592851719,3972.74059262672,38.656,52.2652133739495,42.6191,53.7994723140017,16567357,0.509
GTM,Guatemala,Latin America & Caribbean,Upper middle income,2018,NA,NA,NA,NA,41.5,11192.3719192725,4040.21214374742,38.408,52.3446298715485,42.97926,53.845962303542,16845685,0.509
GTM,Guatemala,Latin America & Caribbean,Upper middle income,2019,41.8488,47.2834,5.434600000000003,0.8850632568723906,44.401049838502,11466.3764932197,4139.12206338632,37.107,51.0635988036794,NA,54.1882267267974,17103803,0.5
GTM,Guatemala,Latin America & Caribbean,Upper middle income,2020,NA,NA,NA,NA,47.51229858,11097.1503902986,4005.83916360689,38.299,50.8073127066553,NA,54.5483167911628,17357325,0.48
GTM,Guatemala,Latin America & Caribbean,Upper middle income,2021,48.5503,53.3763,4.8260000000000005,0.9095853403102125,50.84164945,11825.141273764,4268.62864461492,42.496,48.1472917509683,NA,54.9047071553758,17598650,0.467
GTM,Guatemala,Latin America & Caribbean,Upper middle income,2022,NA,NA,NA,NA,54.40430069,12144.4800461597,4383.90326160481,40.502,46.8427646987635,NA,55.2581228215265,17847877,0.48
GTM,Guatemala,Latin America & Caribbean,Upper middle income,2023,NA,NA,NA,NA,56.72669983,12380.3715121996,4469.05514652918,38.14,48.2479657338074,NA,55.6082319565539,18124838,0.48
GTM,Guatemala,Latin America & Caribbean,Upper middle income,2024,NA,NA,NA,NA,60.22140121,12643.9841235004,4564.21378502908,38.42,50.4821609334209,NA,55.9547027274763,18406359,NA
GIN,Guinea,Sub-Saharan Africa,Lower middle income,2015,NA,NA,NA,NA,9.199999809,2869.85157178732,747.356966759448,47.185,NA,NA,35.0373191833496,11767070,NA
GIN,Guinea,Sub-Saharan Africa,Lower middle income,2016,NA,NA,NA,NA,13.100000380000001,3099.78874189372,807.236421043888,45.954,NA,NA,35.3100280761719,12073030,NA
GIN,Guinea,Sub-Saharan Africa,Lower middle income,2017,NA,NA,NA,NA,18.700000760000002,3332.76576150531,867.907502577607,44.725,NA,NA,35.5827331542969,12385659,NA
GIN,Guinea,Sub-Saharan Africa,Lower middle income,2018,15.4,29.4,13.999999999999998,0.5238095238095238,21.8300230430563,3455.64512638662,899.907328045175,43.497,NA,NA,35.8554382324219,12704774,NA
GIN,Guinea,Sub-Saharan Africa,Lower middle income,2019,NA,NA,NA,NA,23.89049911,3557.46233883145,926.42221954853,42.271,NA,NA,36.1281547546387,13034346,0.631
GIN,Guinea,Sub-Saharan Africa,Lower middle income,2020,NA,NA,NA,NA,26.14550018,3630.99330577677,945.570903389665,41.854,NA,NA,36.4802208060551,13371183,0.643
GIN,Guinea,Sub-Saharan Africa,Lower middle income,2021,NA,NA,NA,NA,28.61330032,3738.8051255133,973.646890096159,41.989,NA,NA,36.8502178436256,13710513,0.64
GIN,Guinea,Sub-Saharan Africa,Lower middle income,2022,NA,NA,NA,NA,31.31399918,3792.01068836277,987.502501465337,42.529,NA,NA,37.2384967469106,14055137,0.61
GIN,Guinea,Sub-Saharan Africa,Lower middle income,2023,NA,NA,NA,NA,32.31560135,3904.82395527998,1016.88094800324,42.739,NA,NA,37.6454083954705,14405468,0.609
GIN,Guinea,Sub-Saharan Africa,Lower middle income,2024,NA,NA,NA,NA,33.30469894,4016.34191385979,1045.92207475792,42.882,NA,NA,38.0713036688655,14754785,NA
GNB,Guinea-Bissau,Sub-Saharan Africa,Low income,2015,NA,NA,NA,NA,6.099999905,2230.52993109779,645.066837207039,56.11,NA,NA,42.1568145751953,1786457,NA
GNB,Guinea-Bissau,Sub-Saharan Africa,Low income,2016,NA,NA,NA,NA,13.80000019,2293.37861360238,663.242608032005,56.189,NA,NA,42.586109161377,1831893,NA
GNB,Guinea-Bissau,Sub-Saharan Africa,Low income,2017,NA,NA,NA,NA,14.80000019,2342.56110535416,677.466131311367,56.285,NA,NA,43.0155792236328,1877072,NA
GNB,Guinea-Bissau,Sub-Saharan Africa,Low income,2018,NA,NA,NA,NA,15.69999981,2373.64935653455,686.456819839526,56.399,NA,NA,43.4449081420898,1922168,0.623
GNB,Guinea-Bissau,Sub-Saharan Africa,Low income,2019,NA,NA,NA,NA,17.92149925,2442.25868377476,706.298562874985,56.063,NA,NA,43.8745574951172,1967696,0.622
GNB,Guinea-Bissau,Sub-Saharan Africa,Low income,2020,NA,NA,NA,NA,20.45730019,2456.01139053324,710.275830755611,56.768,NA,NA,44.3038330078125,2013255,0.621
GNB,Guinea-Bissau,Sub-Saharan Africa,Low income,2021,NA,NA,NA,NA,23.3519001,2522.12869240841,729.396882757942,58.375,NA,NA,44.7334136962891,2058841,0.618
GNB,Guinea-Bissau,Sub-Saharan Africa,Low income,2022,NA,NA,NA,NA,27.67379951,2600.802474483,752.149255217249,59.972,NA,NA,45.1627159118652,2105529,0.617
GNB,Guinea-Bissau,Sub-Saharan Africa,Low income,2023,NA,NA,NA,NA,28.71240044,2660.81444655656,769.504652461795,60.084,NA,NA,45.5923843383789,2153339,0.632
GNB,Guinea-Bissau,Sub-Saharan Africa,Low income,2024,NA,NA,NA,NA,29.77739906,2717.54206972499,785.91021956464,60.17,NA,NA,46.113204421822,2201352,NA
HTI,Haiti,Latin America & Caribbean,Lower middle income,2015,NA,NA,NA,NA,14.19999981,3402.0283988016,1411.12684746796,61.695,NA,NA,49.4334707759572,10523242,0.625
HTI,Haiti,Latin America & Caribbean,Lower middle income,2016,NA,NA,NA,NA,22.799999239999998,3415.58218112308,1416.74881879698,61.827,NA,NA,50.087821148256,10671457,0.84
HTI,Haiti,Latin America & Caribbean,Lower middle income,2017,NA,NA,NA,NA,27.200000760000002,3453.97142164659,1432.67228609541,62.02,NA,NA,50.735083378449,10817754,0.628
HTI,Haiti,Latin America & Caribbean,Lower middle income,2018,NA,NA,NA,NA,32.4736271300557,3465.25480573601,1437.35251928349,62.139,NA,NA,51.374898112219,10962362,0.629
HTI,Haiti,Latin America & Caribbean,Lower middle income,2019,NA,NA,NA,NA,35.76409912,3361.75328894114,1394.42114071112,61.952,NA,NA,52.0069059952475,11105163,0.625
HTI,Haiti,Latin America & Caribbean,Lower middle income,2020,NA,NA,NA,NA,39.38809967,3210.53609854862,1331.69778506932,61.366,NA,NA,52.6307476732151,11243848,0.623
HTI,Haiti,Latin America & Caribbean,Lower middle income,2021,NA,NA,NA,NA,43.37919998,3116.56505397604,1292.71954963551,62.099,NA,NA,53.2460637918026,11374586,0.621
HTI,Haiti,Latin America & Caribbean,Lower middle income,2022,NA,NA,NA,NA,47.77470016,3029.77866381702,1256.72143592448,59.948,NA,NA,53.8524949966907,11503606,0.619
HTI,Haiti,Latin America & Caribbean,Lower middle income,2023,NA,NA,NA,NA,47.99269867,2939.1237948199,1219.11871645847,59.351,NA,NA,54.4496819335618,11637398,0.618
HTI,Haiti,Latin America & Caribbean,Lower middle income,2024,NA,NA,NA,NA,47.8614006,2783.79140882788,1154.68841945337,58.321,NA,NA,55.0372652481002,11772557,NA
HND,Honduras,Latin America & Caribbean,Lower middle income,2015,27.6116,26.6163,-0.9953000000000003,1.0373943786326425,27.1395454833776,5812.5348879105,2271.20265980349,46.551,55.1216519478842,44.33387,54.3828473751434,9237305,0.432
HND,Honduras,Latin America & Caribbean,Lower middle income,2016,30.2475,28.7201,-1.5274,1.0531822660784607,29.5282180796457,5926.49025534228,2315.72983058198,45.913,55.2523310583486,45.81378,54.8868414578857,9412380,0.428
HND,Honduras,Latin America & Caribbean,Lower middle income,2017,32.9724,30.3702,-2.6022,1.0856826757808642,31.7357924661485,6099.60734919414,2383.37398439714,45.758,54.7623596191406,46.71862,55.3877322339915,9588137,0.427
HND,Honduras,Latin America & Caribbean,Lower middle income,2018,37.7922,34.1519,-3.6403000000000034,1.1065914341515408,36.0400608231468,6219.27973775059,2430.13503657762,50.022,NA,NA,55.8852577716247,9765210,0.435
HND,Honduras,Latin America & Caribbean,Lower middle income,2019,40.6984,37.9628,-2.735599999999998,1.0720600166478762,39.3883521850111,6264.01884276715,2447.61649282181,44.526,68.4164123535156,NA,56.3791561389766,9943633,0.445
HND,Honduras,Latin America & Caribbean,Lower middle income,2020,NA,NA,NA,NA,45.24829865,5603.26398377777,2189.43168668222,47.039,62.3465596528451,NA,56.8691654042685,10119640,0.436
HND,Honduras,Latin America & Caribbean,Lower middle income,2021,NA,NA,NA,NA,51.95159912,6202.98078812037,2423.76634916911,48.071,60.2124453124399,NA,57.3550236357547,10289877,0.417
HND,Honduras,Latin America & Caribbean,Lower middle income,2022,NA,NA,NA,NA,56.88069916,6352.58710177732,2482.22384904714,43.606,59.2098503112793,NA,57.8364689017254,10463872,0.427
HND,Honduras,Latin America & Caribbean,Lower middle income,2023,NA,NA,NA,NA,58.0685997,6467.8800352783,2527.27366333188,39.364,59.4406700134277,NA,58.3132392705102,10644851,0.437
HND,Honduras,Latin America & Caribbean,Lower middle income,2024,NA,NA,NA,NA,58.62269974,6590.84384301553,2575.32081187859,39.617,56.205606327767,NA,58.7850728104829,10825703,NA
IND,India,South Asia,Lower middle income,2015,NA,NA,NA,NA,14.899999619999999,6301.67346968236,1583.99815907985,26.582,74.3924407958984,NA,32.5472990022299,1328024498,0.496
IND,India,South Asia,Lower middle income,2016,NA,NA,NA,NA,16.5,6741.14883185347,1694.46534973787,26.575,75.823371887207,NA,32.8650780972823,1343944296,0.484
IND,India,South Asia,Lower middle income,2017,NA,NA,NA,NA,18.200000760000002,7116.03659185396,1788.69770318481,26.578,74.2236328125,NA,33.1821328157539,1359657400,0.488
IND,India,South Asia,Lower middle income,2018,14.9,25,10.1,0.596,20.0813000379384,7492.62576755145,1883.35772705055,26.568,75.5565032958984,NA,33.4984353473598,1374659064,0.487
IND,India,South Asia,Lower middle income,2019,NA,NA,NA,NA,29.52350044,7702.17634811957,1936.03067741063,26.539,75.6416931152344,NA,33.8139578818147,1389030312,0.464
IND,India,South Asia,Lower middle income,2020,NA,NA,NA,NA,43.40544313,7186.86447099679,1806.50110583865,25.998,76.5541213427966,NA,34.1286726088333,1402617695,0.441
IND,India,South Asia,Lower middle income,2021,NA,NA,NA,NA,49.2580986,7818.65701757504,1965.30943437472,27.724,78.4542146302356,NA,34.4425517181304,1414203896,0.438
IND,India,South Asia,Lower middle income,2022,NA,NA,NA,NA,55.9,8347.38478647086,2098.21124476122,29.348,80.4518698611689,NA,34.7555673994206,1425423212,0.427
IND,India,South Asia,Lower middle income,2023,NA,NA,NA,NA,60.25230026,8870.55027609345,2229.71491223037,30.984,78.7503140925354,NA,35.0676918424186,1438069596,0.403
IND,India,South Asia,Lower middle income,2024,NA,NA,NA,NA,64.9434967,9416.05137044735,2366.8328910323,32.415,78.7182686071249,NA,35.3788972368389,1450935791,NA
IDN,Indonesia,East Asia & Pacific,Upper middle income,2015,20.3262,23.7874,3.4612000000000016,0.8544943961929424,22.062742603379,10893.6621142169,3288.22269725538,50.772,88.012649448813,76.28108,53.1720771789551,261799249,0.477
IDN,Indonesia,East Asia & Pacific,Upper middle income,2016,23.5917,27.2906,3.698900000000002,0.8644624889155973,25.447353701827,11319.6634287738,3416.81005170972,50.949,89.0999579586062,NA,53.812557220459,264627418,0.471
IDN,Indonesia,East Asia & Pacific,Upper middle income,2017,30.148,34.5107,4.3627,0.8735841347755914,32.335806250688,11772.5743296107,3553.51999262321,51.943,91.8476348896733,NA,54.4541015625,267346658,0.455
IDN,Indonesia,East Asia & Pacific,Upper middle income,2018,37.4875,42.3069,4.819400000000002,0.8860847757694371,39.9046386385762,12262.2310300771,3701.32155461912,53.131,93.7541308046929,79.88474,55.0956840515137,269951846,0.444
IDN,Indonesia,East Asia & Pacific,Upper middle income,2019,44.864,50.4971,5.633100000000006,0.8884470593360806,47.6906489788375,12757.7850854842,3850.90321738979,53.949,95.9420767172654,NA,55.7382049560547,272489381,0.436
IDN,Indonesia,East Asia & Pacific,Upper middle income,2020,50.7787,56.6524,5.8736999999999995,0.8963203677161073,53.72649449,12388.5449268131,3739.44906563161,53.203,97.2526258977195,NA,56.2785287648768,274814866,0.429
IDN,Indonesia,East Asia & Pacific,Upper middle income,2021,59.1433,65.0491,5.905799999999992,0.9092101197403194,62.10447842,12757.0746440204,3850.68877253903,52.069,98.3041172391285,NA,56.8761702464027,276758053,0.425
IDN,Indonesia,East Asia & Pacific,Upper middle income,2022,63.532,69.3878,5.855800000000002,0.9156076428421134,66.48461277,13334.2653947637,4024.91225288391,52.562,98.185474262024,NA,57.4934704226599,278830529,0.422
IDN,Indonesia,East Asia & Pacific,Upper middle income,2023,66.3477,72.0652,5.717500000000001,0.9206621226333931,69.20836554,13889.9495012858,4192.64401034181,53.487,97.4046705284819,NA,58.1179353397878,281190067,0.423
IDN,Indonesia,East Asia & Pacific,Upper middle income,2024,69.9034,75.6503,5.746899999999997,0.9240333481823602,72.78075544,14470.7179806578,4367.94741847938,53.588,98.6691707526139,NA,58.7509635387997,283487931,NA
IRN,"Iran, Islamic Rep.","Middle East, North Africa, Afghanistan & Pakistan",Upper middle income,2015,44.3783,46.2698,1.8914999999999935,0.9591202036749674,45.3349761533285,14841.9048340737,4952.73355532178,14.362,80.8046798706055,NA,73.3561403575949,82619362,0.532
IRN,"Iran, Islamic Rep.","Middle East, North Africa, Afghanistan & Pakistan",Upper middle income,2016,52.0739,54.3532,2.279299999999999,0.9580650265301767,53.2267716709857,15920.3718021202,5312.61724954192,16.174,82.1195220947266,78.52265,73.8796100096595,83812228,0.47
IRN,"Iran, Islamic Rep.","Middle East, North Africa, Afghanistan & Pakistan",Upper middle income,2017,60.4487,67.5582,7.109499999999997,0.8947648101932852,64.0439736249513,16167.9677224227,5395.2398398598,17.358,81.7238006591797,80.37532,74.4011840820312,85026754,0.46
IRN,"Iran, Islamic Rep.","Middle East, North Africa, Afghanistan & Pakistan",Upper middle income,2018,66.5468,73.772,7.225200000000001,0.9020604023206636,70.2005650008363,15364.8049052614,5127.22495367018,17.341,NA,NA,74.8034286499023,86117998,0.455
IRN,"Iran, Islamic Rep.","Middle East, North Africa, Afghanistan & Pakistan",Upper middle income,2019,68.8309,76.0378,7.2069000000000045,0.9052195092440865,72.4509047672065,14841.0751514998,4952.45669081078,16.812,NA,NA,75.2038879394531,87051648,0.463
IRN,"Iran, Islamic Rep.","Middle East, North Africa, Afghanistan & Pakistan",Upper middle income,2020,72.6008,78.5346,5.933799999999991,0.9244434936957724,75.56986637,15381.5845437266,5132.82430762118,13.723,84.9604034423828,NA,75.5986404418945,87723443,0.483
IRN,"Iran, Islamic Rep.","Middle East, North Africa, Afghanistan & Pakistan",Upper middle income,2021,77.6856,79.5041,1.8185000000000002,0.9771269657791234,78.5957366,15884.4276775963,5300.62271961895,13.086,NA,NA,75.9926376342773,88455488,0.487
IRN,"Iran, Islamic Rep.","Middle East, North Africa, Afghanistan & Pakistan",Upper middle income,2022,NA,NA,NA,NA,81.71649933,16377.9610645368,5465.31447539413,13.469,85.9843673706055,NA,76.3342208862305,89524246,0.483
IRN,"Iran, Islamic Rep.","Middle East, North Africa, Afghanistan & Pakistan",Upper middle income,2023,NA,NA,NA,NA,83.71050262,17044.8173442641,5687.84396268742,14.128,86.1972427368164,NA,76.6759567260742,90608707,0.482
IRN,"Iran, Islamic Rep.","Middle East, North Africa, Afghanistan & Pakistan",Upper middle income,2024,NA,NA,NA,NA,85.3404007,17484.1320140467,5834.44296939863,14.144,NA,NA,77.0201263427734,91567738,NA
IRQ,Iraq,"Middle East, North Africa, Afghanistan & Pakistan",Upper middle income,2015,NA,NA,NA,NA,15.21440029,13516.0271989173,4440.14189252367,14.178,NA,NA,69.920524597168,37560535,0.578
IRQ,Iraq,"Middle East, North Africa, Afghanistan & Pakistan",Upper middle income,2016,NA,NA,NA,NA,19.87719917,15016.0920644557,4932.9272911439,14.65,NA,NA,69.9123778259643,38469627,0.558
IRQ,Iraq,"Middle East, North Africa, Afghanistan & Pakistan",Upper middle income,2017,NA,NA,NA,NA,25.96920013,14417.6306896454,4736.32710809857,11.334,NA,NA,69.8944511190753,39337353,0.579
IRQ,Iraq,"Middle East, North Africa, Afghanistan & Pakistan",Upper middle income,2018,NA,NA,NA,NA,33.92810059,14456.2357053191,4749.00921836896,11.446,NA,NA,69.8765148865842,40265624,0.573
IRQ,Iraq,"Middle East, North Africa, Afghanistan & Pakistan",Upper middle income,2019,35.0113,53.0713,18.060000000000002,0.6597030786884813,44.3263465511579,14910.225032382,4898.14897668582,11.582,NA,NA,69.8683395385742,41192171,0.571
IRQ,Iraq,"Middle East, North Africa, Afghanistan & Pakistan",Upper middle income,2020,NA,NA,NA,NA,53.67779922,12827.6345392293,4213.99843766061,10.885,NA,NA,69.8683166503906,42116605,0.569
IRQ,Iraq,"Middle East, North Africa, Afghanistan & Pakistan",Upper middle income,2021,NA,NA,NA,NA,65.00219727,12731.7535755128,4182.50064045825,10.902,NA,NA,69.8682708740234,43071211,0.562
IRQ,Iraq,"Middle East, North Africa, Afghanistan & Pakistan",Upper middle income,2022,72.3028,84.7161,12.413299999999992,0.8534717721897019,78.71560926,13433.3977166956,4412.99733146512,11.183,NA,NA,69.8682861328125,44070551,0.56
IRQ,Iraq,"Middle East, North Africa, Afghanistan & Pakistan",Upper middle income,2023,NA,NA,NA,NA,81.80889893,13202.3228073856,4337.0870532422005,10.913,NA,NA,69.868278503418,45074049,0.558
IRQ,Iraq,"Middle East, North Africa, Afghanistan & Pakistan",Upper middle income,2024,NA,NA,NA,NA,81.47450256,12725.0431260364,4180.29619477317,11.003,NA,NA,69.8861494108913,46042015,NA
JAM,Jamaica,Latin America & Caribbean,Upper middle income,2015,44.9461,39.4428,-5.503300000000003,1.1395260985528413,42.2212211907441,9931.89875715182,5339.30718256806,58.524,87.8180659010758,75.65635,55.1995248014924,2802534,0.409
JAM,Jamaica,Latin America & Caribbean,Upper middle income,2016,47.695,40.9766,-6.718400000000003,1.1639569900870252,44.3668563671334,10179.2536486158,5472.28314023034,57.654,89.5799290253363,76.38275,55.549259277615,2809915,0.399
JAM,Jamaica,Latin America & Caribbean,Upper middle income,2017,58.8841,51.1861,-7.697999999999993,1.1503923916844612,55.0720670507751,10391.0378224678,5586.1365723133,58.604,86.0544417661238,76.32316,55.9152267548307,2815764,0.397
JAM,Jamaica,Latin America & Caribbean,Upper middle income,2018,71.5634,64.8012,-6.762200000000007,1.1043530058085345,68.2145170876072,10636.0929784551,5717.87621107532,58.309,84.739986572276,76.31102,56.297410990325,2820097,0.384
JAM,Jamaica,Latin America & Caribbean,Upper middle income,2019,73.9607,67.5749,-6.385800000000003,1.094499584905046,70.8410169743356,10816.3720391154,5814.79275311692,59.835,86.3051320241406,NA,56.6957957395074,2823271,0.385
JAM,Jamaica,Latin America & Caribbean,Upper middle income,2020,NA,NA,NA,NA,76.38400269,9891.96932961548,5317.84145033966,57.579,83.5566101074219,NA,57.1103647563627,2830739,0.362
JAM,Jamaica,Latin America & Caribbean,Upper middle income,2021,85.1179,79.4947,-5.623200000000011,1.070736791257782,82.36071561,10430.6909771759,5607.45378253877,58.395,86.6220377560584,NA,57.5411017937226,2837682,0.362
JAM,Jamaica,Latin America & Caribbean,Upper middle income,2022,NA,NA,NA,NA,85.84329987,11096.6377085321,5965.46127464873,60.803,82.8671722412109,NA,57.9879906034775,2839144,0.36
JAM,Jamaica,Latin America & Caribbean,Upper middle income,2023,92.2942,86.5903,-5.703900000000004,1.0658722743771532,89.47304282,11398.8120394641,6127.90771263434,63.047,85.6044566148171,NA,58.4510149367429,2839786,0.358
JAM,Jamaica,Latin America & Caribbean,Upper middle income,2024,NA,NA,NA,NA,90.10870361,11340.2638800451,6096.4327030963,62.913,84.6436233520508,NA,58.9301585439922,2839175,NA
JOR,Jordan,"Middle East, North Africa, Afghanistan & Pakistan",Upper middle income,2015,NA,NA,NA,NA,54.22000122,10469.6306302225,4441.61896013754,13.599,NA,NA,89.8881391939133,9544729,0.477
JOR,Jordan,"Middle East, North Africa, Afghanistan & Pakistan",Upper middle income,2016,NA,NA,NA,NA,56.15000153,10197.5044990617,4326.17261571505,15.051,NA,NA,90.56272794707,10006367,0.442
JOR,Jordan,"Middle East, North Africa, Afghanistan & Pakistan",Upper middle income,2017,NA,NA,NA,NA,64.5,10220.492781193,4335.92512689541,16.612,91.5137035572558,62.83679,90.8764609714428,10234226,0.427
JOR,Jordan,"Middle East, North Africa, Afghanistan & Pakistan",Upper middle income,2018,NA,NA,NA,NA,65.2,10183.0248366235,4320.029787425,14.649,92.4891451216421,63.52398,91.2008859099729,10462306,0.434
JOR,Jordan,"Middle East, North Africa, Afghanistan & Pakistan",Upper middle income,2019,NA,NA,NA,NA,70.08470154,10168.3588523537,4313.80791426608,13.685,92.5425629523907,NA,91.515966492507,10671891,0.439
JOR,Jordan,"Middle East, North Africa, Afghanistan & Pakistan",Upper middle income,2020,NA,NA,NA,NA,78.4178009,9872.3094512325,4188.21240095719,14.975,93.0858429614664,NA,91.8216722992319,10865228,0.442
JOR,Jordan,"Middle East, North Africa, Afghanistan & Pakistan",Upper middle income,2021,82.7,88.9,6.200000000000003,0.9302587176602924,85.999997,10056.5611261239,4266.3790298994,13.964,92.8440273185155,NA,92.117972910453,11066356,0.441
JOR,Jordan,"Middle East, North Africa, Afghanistan & Pakistan",Upper middle income,2022,NA,NA,NA,NA,90.4999984,10158.4738771524,4309.61432856804,13.922,93.4988532874014,NA,92.4048379066163,11256263,0.433
JOR,Jordan,"Middle East, North Africa, Afghanistan & Pakistan",Upper middle income,2023,90.8907,93.9829,3.0922000000000054,0.9670982700044369,92.53443944,10308.7821986337,4373.38088482368,15.933,93.1909358247647,NA,92.682236868336,11439213,0.433
JOR,Jordan,"Middle East, North Africa, Afghanistan & Pakistan",Upper middle income,2024,94.611,96.5139,1.9029000000000025,0.9802836689844675,95.62244985,10468.265334284,4441.03974922351,16.008,92.9268253048268,NA,92.9501393764286,11552876,NA
KAZ,Kazakhstan,Europe & Central Asia,Upper middle income,2015,69.9427,71.7961,1.8533999999999935,0.9741852273312896,70.82993359566,30893.7594851041,10196.1226255982,65.46,99.2999761450382,NA,56.1106048930882,18084169,0.217
KAZ,Kazakhstan,Europe & Central Asia,Upper middle income,2016,73.2948,75.9937,2.698900000000009,0.9644852139058895,74.5877264735738,30758.3227260598,10151.423313302,65.205,98.0107832338107,NA,56.7476265001667,18363600,0.212
KAZ,Kazakhstan,Europe & Central Asia,Upper middle income,2017,75.561,77.3668,1.8057999999999907,0.9766592388466372,76.4267482325439,31524.4416339794,10404.2718646317,65.018,96.6959328368217,NA,57.4586448748837,18651931,0.198
KAZ,Kazakhstan,Europe & Central Asia,Upper middle income,2018,77.8547,80.0414,2.186700000000002,0.9726803878992621,78.9039190578816,32330.2274546567,10670.2120148279,64.818,96.2488486443621,NA,58.2388038921695,18932727,0.195
KAZ,Kazakhstan,Europe & Central Asia,Upper middle income,2019,80.9902,82.8381,1.8478999999999957,0.9776926317720953,81.8776204746284,33298.2123695035,10989.6840718388,64.661,96.758870906544,NA,59.0832474269546,19209555,0.192
KAZ,Kazakhstan,Europe & Central Asia,Upper middle income,2020,84.9066,87.0624,2.1557999999999993,0.9752384496636894,85.94259898,32011.5491499004,10565.0359816235,63.607,91.6816314447458,NA,59.9871193541692,19482117,0.182
KAZ,Kazakhstan,Europe & Central Asia,Upper middle income,2021,90.0012,91.9197,1.9185000000000088,0.9791285219599279,90.9239507,32945.8515725823,10873.3915275276,64.068,93.9223187700412,NA,61.030254280267,19743603,0.182
KAZ,Kazakhstan,Europe & Central Asia,Upper middle income,2022,91.8952,92.725,0.8297999999999917,0.9910509571313023,92.29685266,33506.2614893237,11058.3482413407,64.743,93.6981837228001,NA,61.444157327248,20034609,0.168
KAZ,Kazakhstan,Europe & Central Asia,Upper middle income,2023,91.7601,94.0687,2.3086000000000126,0.9754583618142909,92.87846096,34703.2349286604,11453.3952725363,65.029,94.8671029040021,NA,61.7560919499181,20330104,0.182
KAZ,Kazakhstan,Europe & Central Asia,Upper middle income,2024,92.6203,94.2114,1.5910999999999973,0.9831113856709486,93.39167254,35973.9633287017,11872.7842626298,65.291,96.7445196567945,NA,62.072531584162,20592571,NA
KEN,Kenya,Sub-Saharan Africa,Lower middle income,2015,13.451,19.8228,6.3718,0.6785620598502734,16.5878548475992,4679.62182831938,1489.11959777284,71.356,70.187444140127,NA,31.7338026039958,47088526,0.551
KEN,Kenya,Sub-Saharan Africa,Lower middle income,2016,NA,NA,NA,NA,16.6,4770.31046388086,1517.97796057742,71.417,73.1205739030308,NA,31.6502520105647,48139687,0.547
KEN,Kenya,Sub-Saharan Africa,Lower middle income,2017,NA,NA,NA,NA,17.82710075,4846.86210851932,1542.33773973372,68.685,NA,NA,31.5383650847102,49197766,0.536
KEN,Kenya,Sub-Saharan Africa,Lower middle income,2018,NA,NA,NA,NA,19.5,5017.66784674664,1596.69045914945,65.814,NA,NA,31.3940041639796,50207107,0.538
KEN,Kenya,Sub-Saharan Africa,Lower middle income,2019,20.2305,25.1738,4.943300000000001,0.8036331423940763,22.6687733618171,5171.71264279257,1645.70961777862,62.817,NA,NA,31.1895566421135,51202827,0.535
KEN,Kenya,Sub-Saharan Africa,Lower middle income,2020,NA,NA,NA,NA,24.7227993,5057.40115537429,1609.33414078281,62.167,NA,NA,31.2063494632616,52217334,0.533
KEN,Kenya,Sub-Saharan Africa,Lower middle income,2021,NA,NA,NA,NA,26.96290016,5338.85243382781,1698.89578271444,62.668,79.6603133999262,NA,31.2879334021971,53219166,0.533
KEN,Kenya,Sub-Saharan Africa,Lower middle income,2022,NA,NA,NA,NA,29.40589905,5491.69378280246,1747.53198804428,62.832,83.4337197590316,NA,31.4307820066946,54252461,0.527
KEN,Kenya,Sub-Saharan Africa,Lower middle income,2023,NA,NA,NA,NA,32.07040024,5691.82513474417,1811.21651838425,62.946,84.7505339840655,NA,31.6330340816429,55339003,0.526
KEN,Kenya,Sub-Saharan Africa,Lower middle income,2024,32.1852,37.8239,5.6387,0.8509223004502444,34.97622513,5841.59866001706,1858.87650030024,63.012,NA,NA,31.8937831721599,56432944,NA
KIR,Kiribati,East Asia & Pacific,Lower middle income,2015,NA,NA,NA,NA,14.899999619999999,2616.17635911711,1639.85274740652,NA,NA,NA,50.9541970402064,116815,NA
KIR,Kiribati,East Asia & Pacific,Lower middle income,2016,NA,NA,NA,NA,19.41939926,2762.28741039854,1731.43702001694,NA,NA,NA,51.7710553002321,118478,NA
KIR,Kiribati,East Asia & Pacific,Lower middle income,2017,NA,NA,NA,NA,25.30960083,2822.02092296284,1768.87874841933,NA,NA,NA,52.9734697275451,120275,NA
KIR,Kiribati,East Asia & Pacific,Lower middle income,2018,NA,NA,NA,NA,32.9864006,2875.41766341166,1802.34850714657,NA,NA,NA,54.5004023142497,122084,NA
KIR,Kiribati,East Asia & Pacific,Lower middle income,2019,NA,NA,NA,NA,41.79299927,2926.59366475855,1834.42627824847,NA,NA,NA,56.2846727145489,123921,NA
KIR,Kiribati,East Asia & Pacific,Lower middle income,2020,NA,NA,NA,NA,52.95090103,2839.17274622563,1779.62973024917,NA,NA,NA,58.4123714112748,126099,NA
KIR,Kiribati,East Asia & Pacific,Lower middle income,2021,NA,NA,NA,NA,67.08760071,3024.21029665634,1895.61362957222,NA,93.4636603502039,NA,59.6364645301985,128377,NA
KIR,Kiribati,East Asia & Pacific,Lower middle income,2022,NA,NA,NA,NA,84.99849701,3127.17745381556,1960.15475844976,NA,95.0484764542936,NA,60.5739126559419,130469,NA
KIR,Kiribati,East Asia & Pacific,Lower middle income,2023,NA,NA,NA,NA,88,3175.02475728903,1990.14605922104,NA,100.551571980143,NA,61.5244676194408,132530,NA
KIR,Kiribati,East Asia & Pacific,Lower middle income,2024,NA,NA,NA,NA,89.44029999,3275.00186630433,2052.81298774256,NA,94.4197769165039,NA,62.4620431275642,134518,NA
PRK,"Korea, Dem. People's Rep.",East Asia & Pacific,Low income,2015,NA,NA,NA,NA,NA,NA,NA,77.608,94.8986968994141,NA,61.3247571174501,25575350,NA
PRK,"Korea, Dem. People's Rep.",East Asia & Pacific,Low income,2016,NA,NA,NA,NA,NA,NA,NA,77.484,NA,NA,61.5681351428803,25698326,NA
PRK,"Korea, Dem. People's Rep.",East Asia & Pacific,Low income,2017,NA,NA,NA,NA,NA,NA,NA,77.622,NA,NA,61.8206076091402,25817709,NA
PRK,"Korea, Dem. People's Rep.",East Asia & Pacific,Low income,2018,NA,NA,NA,NA,NA,NA,NA,77.788,NA,NA,62.0826119807623,25931147,NA
PRK,"Korea, Dem. People's Rep.",East Asia & Pacific,Low income,2019,NA,NA,NA,NA,NA,NA,NA,77.787,NA,NA,62.3542226611578,26037632,NA
PRK,"Korea, Dem. People's Rep.",East Asia & Pacific,Low income,2020,NA,NA,NA,NA,NA,NA,NA,76.306,NA,NA,62.6355140538495,26136312,NA
PRK,"Korea, Dem. People's Rep.",East Asia & Pacific,Low income,2021,NA,NA,NA,NA,NA,NA,NA,76.483,NA,NA,62.926560562457,26232534,NA
PRK,"Korea, Dem. People's Rep.",East Asia & Pacific,Low income,2022,NA,NA,NA,NA,NA,NA,NA,77.693,NA,NA,63.2274365906829,26328845,NA
PRK,"Korea, Dem. People's Rep.",East Asia & Pacific,Low income,2023,NA,NA,NA,NA,NA,NA,NA,77.724,NA,NA,63.5382165423021,26418204,NA
PRK,"Korea, Dem. People's Rep.",East Asia & Pacific,Low income,2024,NA,NA,NA,NA,NA,NA,NA,77.722,NA,NA,63.8589748211522,26498823,NA
XKX,Kosovo,Europe & Central Asia,Upper middle income,2015,NA,NA,NA,NA,NA,9824.99105955319,3520.62685324451,NA,NA,NA,39.917681154075,1788274,NA
XKX,Kosovo,Europe & Central Asia,Upper middle income,2016,NA,NA,NA,NA,NA,10434.8888259268,3739.17386677497,NA,NA,NA,40.7783748317802,1777568,NA
XKX,Kosovo,Europe & Central Asia,Upper middle income,2017,82.0432,85.2316,3.1884000000000015,0.962591339362396,83.8935968102791,10856.2902074239,3890.17624537261,NA,NA,NA,41.7578065585746,1791019,NA
XKX,Kosovo,Europe & Central Asia,Upper middle income,2018,89.0014,89.9376,0.9361999999999995,0.9895905605664371,89.4430319734879,11188.2244627966,4009.11952439378,NA,NA,NA,42.8378095837429,1797086,NA
XKX,Kosovo,Europe & Central Asia,Upper middle income,2019,NA,NA,NA,NA,NA,11774.1178510908,4219.06495675744,NA,NA,NA,44.0002171565695,1788891,NA
XKX,Kosovo,Europe & Central Asia,Upper middle income,2020,NA,NA,NA,NA,NA,11137.5028560404,3990.94425586648,NA,NA,NA,45.2268625263391,1790151,NA
XKX,Kosovo,Europe & Central Asia,Upper middle income,2021,NA,NA,NA,NA,NA,12362.4210181213,4429.87389440857,NA,NA,NA,46.4995789423362,1786079,NA
XKX,Kosovo,Europe & Central Asia,Upper middle income,2022,NA,NA,NA,NA,NA,13022.4627441502,4666.38918595784,NA,NA,NA,47.8001996538455,1768096,NA
XKX,Kosovo,Europe & Central Asia,Upper middle income,2023,NA,NA,NA,NA,NA,14240.2030320365,5102.74674921908,NA,NA,NA,49.1105579101515,1682668,NA
XKX,Kosovo,Europe & Central Asia,Upper middle income,2024,NA,NA,NA,NA,NA,15716.2925564586,5631.67958854422,NA,NA,NA,50.3214443938994,1594353,NA
KGZ,Kyrgyz Republic,Europe & Central Asia,Lower middle income,2015,NA,NA,NA,NA,30.24699974,5600.2143342846,1105.65193844261,47.459,89.3803392348644,80.74089,35.1008937681291,6040036,0.383
KGZ,Kyrgyz Republic,Europe & Central Asia,Lower middle income,2016,NA,NA,NA,NA,40.52619934,5715.01041179003,1128.3161612818,46.17,90.2972623073403,82.12617,35.0515747230627,6175338,0.37
KGZ,Kyrgyz Republic,Europe & Central Asia,Lower middle income,2017,NA,NA,NA,NA,50.80530167,5861.22200040503,1157.1827575806701,42.44,89.7482653344435,82.93139,34.9980805726839,6306696,0.368
KGZ,Kyrgyz Republic,Europe & Central Asia,Lower middle income,2018,NA,NA,NA,NA,62.8,5951.82876758606,1175.0712778747,44.016,91.0594350779724,84.12084,34.9408997219466,6444079,0.372
KGZ,Kyrgyz Republic,Europe & Central Asia,Lower middle income,2019,NA,NA,NA,NA,64.1,6087.60193826927,1201.87701429721,44.04,91.5009835275856,NA,34.8805205758044,6590211,0.362
KGZ,Kyrgyz Republic,Europe & Central Asia,Lower middle income,2020,NA,NA,NA,NA,72,5537.79547319377,1093.32856461422,43.877,92.1680769300161,NA,34.8174315392111,6726596,0.363
KGZ,Kyrgyz Republic,Europe & Central Asia,Lower middle income,2021,NA,NA,NA,NA,77.11769867,5736.47883415154,1132.5546781282,43.997,93.1961318508701,NA,34.7521210171204,6851224,0.346
KGZ,Kyrgyz Republic,Europe & Central Asia,Lower middle income,2022,NA,NA,NA,NA,84.1937027,6139.77788825006,1212.17812721768,45.238,NA,NA,34.7003053497743,6975220,0.34
KGZ,Kyrgyz Republic,Europe & Central Asia,Lower middle income,2023,NA,NA,NA,NA,91.04440308,6575.77541290499,1298.25724482211,43.495,92.1027509613575,NA,34.706439175362,7099750,0.34
KGZ,Kyrgyz Republic,Europe & Central Asia,Lower middle income,2024,NA,NA,NA,NA,92.0286026,7210.57669830499,1423.58624650541,44.256,92.5232415743903,NA,34.7219977865937,7221868,NA
LAO,Lao PDR,East Asia & Pacific,Lower middle income,2015,NA,NA,NA,NA,18.200000760000002,6703.74124348885,2121.01339097363,56.202,59.772232688381,54.81054,33.1240204432199,6801645,0.498
LAO,Lao PDR,East Asia & Pacific,Lower middle income,2016,NA,NA,NA,NA,21.87000084,7063.25545347926,2234.76098741846,56.106,62.2666985609989,57.83282,33.8267455533474,6908802,0.485
LAO,Lao PDR,East Asia & Pacific,Lower middle income,2017,NA,NA,NA,NA,25.51040077,7432.4596330485,2351.57441747595,56.02,63.5469120681911,59.29533,34.5115346444216,7018147,0.485
LAO,Lao PDR,East Asia & Pacific,Lower middle income,2018,NA,NA,NA,NA,36.27130127,7775.08574451883,2459.97874636195,57.066,63.8298251272908,59.35568,35.2050070032013,7128045,0.484
LAO,Lao PDR,East Asia & Pacific,Lower middle income,2019,NA,NA,NA,NA,47.03229904,8075.27502377003,2554.95638019245,58.125,62.7755100424821,NA,35.9072880879451,7237636,0.478
LAO,Lao PDR,East Asia & Pacific,Lower middle income,2020,NA,NA,NA,NA,54,7995.59502527818,2529.74622698761,58.68,60.6465219892194,NA,36.6185033569111,7346533,0.464
LAO,Lao PDR,East Asia & Pacific,Lower middle income,2021,NA,NA,NA,NA,62,8080.43553249923,2556.58912640405,60.323,58.3834691492585,NA,37.338778268357,7453194,0.476
LAO,Lao PDR,East Asia & Pacific,Lower middle income,2022,NA,NA,NA,NA,64.54000092,8183.03286472653,2589.05015191628,61.37,55.9171927545616,NA,38.0682382805397,7559007,0.476
LAO,Lao PDR,East Asia & Pacific,Lower middle income,2023,NA,NA,NA,NA,64.39800262,8372.15591874407,2648.88726608035,61.407,53.2568302183413,NA,38.8070088517156,7664993,0.475
LAO,Lao PDR,East Asia & Pacific,Lower middle income,2024,NA,NA,NA,NA,65.59269714,8600.3245466568,2721.07810663122,61.466,50.9977217073246,NA,39.5552154401406,7769819,NA
LBN,Lebanon,"Middle East, North Africa, Afghanistan & Pakistan",Lower middle income,2015,NA,NA,NA,NA,74,14980.020515614,7714.1099998804,26.114,60.3778897955521,NA,88.6246882038608,6472469,0.424
LBN,Lebanon,"Middle East, North Africa, Afghanistan & Pakistan",Lower middle income,2016,NA,NA,NA,NA,76.11000061,15572.3611739774,8019.1416913426,26.885,62.351438954916,NA,88.835892633396,6323060,0.421
LBN,Lebanon,"Middle East, North Africa, Afghanistan & Pakistan",Lower middle income,2017,NA,NA,NA,NA,78.18080139,16128.5838196051,8305.57405425721,27.67,66.1201281851679,NA,89.0519233886895,6160128,0.418
LBN,Lebanon,"Middle East, North Africa, Afghanistan & Pakistan",Lower middle income,2018,NA,NA,NA,NA,80.90000153,16290.0516478592,8388.7235123835,28.47,68.2192125483757,NA,89.272833088641,5984119,0.381
LBN,Lebanon,"Middle East, North Africa, Afghanistan & Pakistan",Lower middle income,2019,NA,NA,NA,NA,81.48120117,15659.5661040012,8064.04873416236,29.286,69.5287831759035,NA,89.4986743521503,5794594,0.384
LBN,Lebanon,"Middle East, North Africa, Afghanistan & Pakistan",Lower middle income,2020,NA,NA,NA,NA,82.0664978,12507.4366368078,6440.82843092922,25.944,70.2938677645431,NA,89.729499798117,5702398,0.387
LBN,Lebanon,"Middle East, North Africa, Afghanistan & Pakistan",Lower middle income,2021,NA,NA,NA,NA,82.65599823,11599.7755083765,5973.41933892988,23.882,71.177412177286,NA,89.965362045441,5718122,0.383
LBN,Lebanon,"Middle East, North Africa, Afghanistan & Pakistan",Lower middle income,2022,NA,NA,NA,NA,81.46479797,11474.7505845558,5909.03651555028,22.339,68.0329956698082,NA,90.206313713022,5744489,0.361
LBN,Lebanon,"Middle East, North Africa, Afghanistan & Pakistan",Lower middle income,2023,NA,NA,NA,NA,81.7059021,11330.2687387422,5834.63415739394,22.234,66.7372772721446,NA,90.4524074197598,5773493,0.36
LBN,Lebanon,"Middle East, North Africa, Afghanistan & Pakistan",Lower middle income,2024,NA,NA,NA,NA,80.63400269,10469.2210966932,5391.22914209501,NA,67.5449829101562,NA,90.703695784554,5805962,NA
LSO,Lesotho,Sub-Saharan Africa,Lower middle income,2015,NA,NA,NA,NA,25,2986.95866729879,1121.19851342518,54.532,67.8270774378415,50.84718,34.0903875831861,2104611,0.568
LSO,Lesotho,Sub-Saharan Africa,Lower middle income,2016,NA,NA,NA,NA,32.4538569477365,3057.26091568162,1147.58748801671,53.146,65.0972290039062,50.02598,35.5077950709441,2130422,0.565
LSO,Lesotho,Sub-Saharan Africa,Lower middle income,2017,NA,NA,NA,NA,39,2924.68096193272,1097.82166812752,51.753,68.1387518596821,NA,36.5283648068846,2157110,0.566
LSO,Lesotho,Sub-Saharan Africa,Lower middle income,2018,NA,NA,NA,NA,40.79999924,2846.41828124649,1068.44462913373,50.356,NA,NA,37.569092747415,2183603,0.559
LSO,Lesotho,Sub-Saharan Africa,Lower middle income,2019,44.9228,38.35,-6.572800000000001,1.1713898305084747,42.301733569273,2773.28639887236,1040.99351014117,48.958,NA,NA,38.6040920446259,2209405,0.56
LSO,Lesotho,Sub-Saharan Africa,Lower middle income,2020,NA,NA,NA,NA,43.65750122,2517.11044486593,944.834128375429,48.489,NA,NA,39.6329305425532,2235727,0.548
LSO,Lesotho,Sub-Saharan Africa,Lower middle income,2021,NA,NA,NA,NA,45.05670166,2544.78249551214,955.221236301503,48.252,NA,NA,40.6551760851997,2261542,0.544
LSO,Lesotho,Sub-Saharan Africa,Lower middle income,2022,NA,NA,NA,NA,48.06959915,2577.54544127769,967.51928598325,48.441,NA,NA,41.6703965165322,2286110,0.535
LSO,Lesotho,Sub-Saharan Africa,Lower middle income,2023,NA,NA,NA,NA,48.98590088,2592.4570129526,973.116561960912,48.426,NA,NA,42.6781596804785,2311472,0.534
LSO,Lesotho,Sub-Saharan Africa,Lower middle income,2024,NA,NA,NA,NA,51.79660034,2697.62738436647,1012.59379523386,48.457,NA,NA,43.6780334209246,2337423,NA
LBR,Liberia,Sub-Saharan Africa,Low income,2015,NA,NA,NA,NA,10,1714.09047960464,692.590082351257,71.923,31.3665904998779,14.61057,50.7434382961363,4659431,0.664
LBR,Liberia,Sub-Saharan Africa,Low income,2016,NA,NA,NA,NA,15.69999981,1653.31050211233,668.031513175601,71.953,NA,NA,51.2687310234384,4755608,0.662
LBR,Liberia,Sub-Saharan Africa,Low income,2017,NA,NA,NA,NA,16.299999239999998,1661.30290782171,671.260899835355,71.983,NA,NA,51.7957569553849,4848925,0.652
LBR,Liberia,Sub-Saharan Africa,Low income,2018,NA,NA,NA,NA,17.27770042,1647.97443793846,665.875439637137,72.024,NA,NA,52.3245795497906,4944726,0.649
LBR,Liberia,Sub-Saharan Africa,Low income,2019,NA,NA,NA,NA,19.89579964,1575.76665001238,636.699384824869,72.08,NA,NA,52.85526226447,5043721,0.65
LBR,Liberia,Sub-Saharan Africa,Low income,2020,NA,NA,NA,NA,22.91069984,1497.37692436272,605.025475431411,71.393,37.0220985412598,NA,53.3878685572381,5149463,0.654
LBR,Liberia,Sub-Saharan Africa,Low income,2021,NA,NA,NA,NA,26.38229942,1539.20892304674,621.927983063426,71.703,NA,NA,53.9224618859098,5259323,0.651
LBR,Liberia,Sub-Saharan Africa,Low income,2022,NA,NA,NA,NA,30.38010025,1578.99837069175,638.005183858289,71.919,NA,NA,54.4591057083,5373294,0.651
LBR,Liberia,Sub-Saharan Africa,Low income,2023,NA,NA,NA,NA,31.22410011,1616.92373356695,653.329188343162,71.966,NA,NA,54.997863482224,5493031,0.646
LBR,Liberia,Sub-Saharan Africa,Low income,2024,NA,NA,NA,NA,32.23360062,1646.05861366601,665.101337624192,72.021,NA,NA,55.5387986654968,5612817,NA
LBY,Libya,"Middle East, North Africa, Afghanistan & Pakistan",Upper middle income,2015,NA,NA,NA,NA,25,12195.3486990421,7458.48917756374,34.132,NA,NA,87.8159103393555,6531819,0.268
LBY,Libya,"Middle East, North Africa, Afghanistan & Pakistan",Upper middle income,2016,NA,NA,NA,NA,35,11831.8257669559,7236.16409923502,34.111,NA,NA,87.8160056703177,6632126,0.269
LBY,Libya,"Middle East, North Africa, Afghanistan & Pakistan",Upper middle income,2017,NA,NA,NA,NA,47.5,15428.1164411854,9435.60060040046,34.08,NA,NA,87.8166729870528,6738770,0.26
LBY,Libya,"Middle East, North Africa, Afghanistan & Pakistan",Upper middle income,2018,NA,NA,NA,NA,47.5,16385.164476127,10020.9165751361,34.039,NA,NA,87.818484275334,6849055,0.262
LBY,Libya,"Middle East, North Africa, Afghanistan & Pakistan",Upper middle income,2019,NA,NA,NA,NA,71.40409851,14337.1962987582,8768.4104874586,33.993,NA,NA,87.8220115209342,6951033,0.264
LBY,Libya,"Middle East, North Africa, Afghanistan & Pakistan",Upper middle income,2020,NA,NA,NA,NA,74.35810089,9978.66400110743,6102.79864032512,31.009,NA,NA,87.8278267096263,7045399,0.262
LBY,Libya,"Middle East, North Africa, Afghanistan & Pakistan",Upper middle income,2021,NA,NA,NA,NA,77.438797,12641.5097714075,7731.35448152581,31.353,NA,NA,87.8365018271835,7135175,0.259
LBY,Libya,"Middle East, North Africa, Afghanistan & Pakistan",Upper middle income,2022,NA,NA,NA,NA,80.64720154,11450.0598552928,7002.68189296358,33.631,NA,NA,87.8486088593786,7223805,0.255
LBY,Libya,"Middle East, North Africa, Afghanistan & Pakistan",Upper middle income,2023,NA,NA,NA,NA,82.10469818,12476.5974944083,7630.49664928174,33.465,NA,NA,87.8647197919848,7305659,0.253
LBY,Libya,"Middle East, North Africa, Afghanistan & Pakistan",Upper middle income,2024,NA,NA,NA,NA,81.95449829,12583.8338726816,7696.0807819319,33.28,NA,NA,87.8854066107749,7381023,NA
MDG,Madagascar,Sub-Saharan Africa,Low income,2015,NA,NA,NA,NA,4.173999786,1627.5806134224,445.320069480568,83.249,36.2567596435547,31.1388,29.1731079210354,25426702,NA
MDG,Madagascar,Sub-Saharan Africa,Low income,2016,NA,NA,NA,NA,4.713699818,1648.91226979296,451.15659433146,83.137,36.2822418212891,31.06385,29.4239466316878,26099952,NA
MDG,Madagascar,Sub-Saharan Africa,Low income,2017,NA,NA,NA,NA,6.406000137,1669.72764267278,456.851859574031,83.044,35.2360569008275,30.28809,29.671033028335,26788375,NA
MDG,Madagascar,Sub-Saharan Africa,Low income,2018,NA,NA,NA,NA,7.747799873,1678.78623269491,459.330367799543,82.971,35.3710327591243,31.03119,29.9181125346909,27494926,NA
MDG,Madagascar,Sub-Saharan Africa,Low income,2019,NA,NA,NA,NA,9.379400253,1707.83153830039,467.27741349648,82.916,33.6142692093689,NA,30.3046972370204,28219554,NA
MDG,Madagascar,Sub-Saharan Africa,Low income,2020,NA,NA,NA,NA,11.35470009,1545.72714379204,422.924255422319,82.152,NA,NA,30.7019474167548,28953556,NA
MDG,Madagascar,Sub-Saharan Africa,Low income,2021,NA,NA,NA,NA,13.74590015,1577.43246056529,431.599103077746,82.807,35.2580222250234,NA,31.1137123216036,29691083,0.584
MDG,Madagascar,Sub-Saharan Africa,Low income,2022,NA,NA,NA,NA,17.81170082,1602.42805197529,438.438112102315,82.83,NA,NA,31.5397813465886,30437261,0.583
MDG,Madagascar,Sub-Saharan Africa,Low income,2023,NA,NA,NA,NA,18.24080086,1629.6055225489,445.874102052267,82.866,NA,NA,31.9799438860946,31195932,0.584
MDG,Madagascar,Sub-Saharan Africa,Low income,2024,NA,NA,NA,NA,18.67790031,1659.15030770194,453.957809653992,82.915,NA,NA,32.4339893339844,31964956,NA
MWI,Malawi,Sub-Saharan Africa,Low income,2015,NA,NA,NA,NA,6,1597.69145324855,539.605363240686,62.23,37.6379016435624,33.95577,15.8338504946918,17085587,0.609
MWI,Malawi,Sub-Saharan Africa,Low income,2016,NA,NA,NA,NA,6.300000191,1593.59549264808,538.221990810959,60.514,35.6916809082031,32.20138,15.899632938282,17557739,0.603
MWI,Malawi,Sub-Saharan Africa,Low income,2017,NA,NA,NA,NA,7,1613.0593571462,544.795729220349,58.774,39.0289251751713,NA,15.9634281867266,18039715,0.592
MWI,Malawi,Sub-Saharan Africa,Low income,2018,NA,NA,NA,NA,8.798299789,1638.91665761076,553.528790902088,58.895,38.1734496554461,34.76096,16.0221486554255,18528081,0.596
MWI,Malawi,Sub-Saharan Africa,Low income,2019,NA,NA,NA,NA,11.05860043,1687.28944917892,569.866249371948,59.03,31.9471376555901,NA,16.1383746619001,19025752,0.577
MWI,Malawi,Sub-Saharan Africa,Low income,2020,NA,NA,NA,NA,13.89949989,1656.43985192533,559.447086086067,63.125,43.9545178667563,NA,16.2961471756409,19533888,0.579
MWI,Malawi,Sub-Saharan Africa,Low income,2021,NA,NA,NA,NA,15.30300045,1687.59358179651,569.968967322435,58.786,36.1013396035833,NA,16.4881925800694,20047258,0.577
MWI,Malawi,Sub-Saharan Africa,Low income,2022,NA,NA,NA,NA,16.84830093,1659.95933825168,560.635759714941,58.75,35.8626281732909,NA,16.7146031979436,20568728,0.576
MWI,Malawi,Sub-Saharan Africa,Low income,2023,16.123,18.8351,2.7120999999999995,0.8560081974611231,17.98810346,1649.29873234551,557.03523965791,58.644,37.2564052253575,NA,16.9748746665356,21104482,0.581
MWI,Malawi,Sub-Saharan Africa,Low income,2024,NA,NA,NA,NA,18.96159935,1634.24660266597,551.95152347056,58.534,NA,NA,17.268503531213,21655286,NA
MYS,Malaysia,East Asia & Pacific,Upper middle income,2015,69.0241,72.9667,3.9425999999999988,0.945967132952429,71.0640678111957,27699.6278860387,9648.6797937523,50.83,87.3510665893555,NA,73.4387869957006,31232798,0.233
MYS,Malaysia,East Asia & Pacific,Upper middle income,2016,76.6869,80.0322,3.345300000000009,0.9582005742688566,78.7883099275229,28425.3707609412,9901.47960179812,50.986,84.7308502197266,76.86952,73.8588978909614,31789685,0.224
MYS,Malaysia,East Asia & Pacific,Upper middle income,2017,78.2387,81.9161,3.6774000000000058,0.9551077260758263,80.1404790103961,29551.5457597197,10293.762920536201,51.285,83.2714004516602,77.62036,74.2354806421432,32355644,0.212
MYS,Malaysia,East Asia & Pacific,Upper middle income,2018,78.7261,83.5169,4.790800000000004,0.9426367597456323,81.2010486181174,30459.9655338061,10610.1950240479,51.625,79.4510116577148,75.428210000000007,74.5634625145296,32910967,0.193
MYS,Malaysia,East Asia & Pacific,Upper middle income,2019,82.369,85.8538,3.484800000000007,0.9594100668811397,84.1871450078281,31300.5086554849,10902.9834855856,51.783,79.9411773681641,NA,74.8377707734042,33440596,0.193
MYS,Malaysia,East Asia & Pacific,Upper middle income,2020,87.7006,91.2531,3.552500000000009,0.9610698157103703,89.55501192,29200.452632127,10171.4657842762,51.371,77.4047622680664,NA,75.0511895575672,33889558,0.182
MYS,Malaysia,East Asia & Pacific,Upper middle income,2021,96.32,97.1502,0.8302000000000049,0.991454469470984,96.7514278,29822.8491831618,10388.2667120857,51.371,78.5013407999187,NA,75.5088628191907,34282399,0.173
MYS,Malaysia,East Asia & Pacific,Upper middle income,2022,95.85,98.829,2.978999999999999,0.9698570257717877,97.3986404,32129.2217820113,11191.6511756943,51.597,82.2986504789168,NA,75.9741357073003,34695493,0.173
MYS,Malaysia,East Asia & Pacific,Upper middle income,2023,97.1838,98.153,0.9692000000000007,0.9901256202051899,97.69272633,32857.6676600774,11445.3925275079,51.592,82.6422941806466,NA,76.4434752105739,35126298,0.172
MYS,Malaysia,East Asia & Pacific,Upper middle income,2024,97.6373,98.3628,0.7254999999999967,0.9926242441248114,98.0206059,34116.2317848885,11883.79127749,51.617,81.5357622372136,NA,76.9170296648992,35557673,NA
MDV,Maldives,South Asia,Upper middle income,2015,NA,NA,NA,NA,54.4620018,18829.4481529112,9644.90655028145,38.573,80.7421762848119,NA,38.5771510715291,428154,0.364
MDV,Maldives,South Asia,Upper middle income,2016,NA,NA,NA,NA,59.47750092,19345.1792343541,9909.07669723415,38.986,78.7856349500185,NA,38.9560872317815,443308,0.348
MDV,Maldives,South Asia,Upper middle income,2017,NA,NA,NA,NA,64.95500183,20036.7165354949,10263.2991147672,39.781,79.1508430806623,NA,39.32787719143,458287,0.328
MDV,Maldives,South Asia,Upper middle income,2018,NA,NA,NA,NA,70.93689728,21072.5805249694,10793.8941325367,40.382,76.8313327177593,NA,39.6923354428279,473099,0.318
MDV,Maldives,South Asia,Upper middle income,2019,NA,NA,NA,NA,77.46970367,21855.501224579,11194.9253748064,40.76,75.7793948678667,NA,40.0492764783282,487731,0.325
MDV,Maldives,South Asia,Upper middle income,2020,NA,NA,NA,NA,79.09780121,14242.9750701162,7295.60220956454,37.104,77.4476047904192,NA,40.3985147902839,502118,0.325
MDV,Maldives,South Asia,Upper middle income,2021,NA,NA,NA,NA,81.95760345,19052.6224904311,9759.2219360708,37.995,NA,NA,40.7398648710483,516154,0.319
MDV,Maldives,South Asia,Upper middle income,2022,95.4996,76.3672,-19.132400000000004,1.2505316418567134,83.91189054,21357.8112511153,10939.9963271738,40.171,79.1463748290014,NA,41.0641769690663,524106,0.312
MDV,Maldives,South Asia,Upper middle income,2023,NA,NA,NA,NA,84.552902220000007,22333.0477138175,11439.5364342871,40.311,84.9893523087311,NA,41.5096832933973,525994,0.309
MDV,Maldives,South Asia,Upper middle income,2024,NA,NA,NA,NA,85.23999786,23034.4098404839,11798.791369146,40.455,NA,NA,41.9982152717385,527799,NA
MLI,Mali,Sub-Saharan Africa,Low income,2015,NA,NA,NA,NA,10.32999992,2686.56065073799,838.11986940103,61.216,34.4988647258526,27.71759,25.847015486705,18593022,0.646
MLI,Mali,Sub-Saharan Africa,Low income,2016,NA,NA,NA,NA,14,2759.11051293341,860.75307554569,59.554,34.1917935715776,27.73266,26.4468586077195,19191289,0.671
MLI,Mali,Sub-Saharan Africa,Low income,2017,NA,NA,NA,NA,18.89999962,2816.19423901587,878.561348378099,57.877,34.447973185326,26.13803,27.0646702892896,19813011,0.664
MLI,Mali,Sub-Saharan Africa,Low income,2018,NA,NA,NA,NA,21.39999962,2862.40728987476,892.978322787306,55.62,34.2633935963908,26.81248,27.6999185916288,20442030,0.666
MLI,Mali,Sub-Saharan Africa,Low income,2019,NA,NA,NA,NA,24.96030045,2916.17167791084,909.751069706998,53.387,NA,NA,28.3520715749509,21068405,0.671
MLI,Mali,Sub-Saharan Africa,Low income,2020,NA,NA,NA,NA,29.11300087,2796.41038444386,872.389426815267,50.63,NA,NA,29.0205972994693,21713836,0.605
MLI,Mali,Sub-Saharan Africa,Low income,2021,NA,NA,NA,NA,33.95650101,2796.22793795431,872.332509422409,52.981,NA,NA,29.7049638253978,22388630,0.611
MLI,Mali,Sub-Saharan Africa,Low income,2022,NA,NA,NA,NA,35.19919968,2813.81095962565,877.817842434642,53.009,NA,NA,30.4015705681899,23072640,0.613
MLI,Mali,Sub-Saharan Africa,Low income,2023,NA,NA,NA,NA,36.03879929,2861.48058063314,892.689219532429,53.06,37.1307560416794,NA,31.0031889023235,23769127,0.612
MLI,Mali,Sub-Saharan Africa,Low income,2024,NA,NA,NA,NA,36.80149841,2917.93245883671,910.300376300627,53.093,NA,NA,31.6075621182225,24478595,NA
MHL,Marshall Islands,East Asia & Pacific,Upper middle income,2015,NA,NA,NA,NA,19.28240013,4670.70755785577,3764.34426229508,NA,87.4442319949012,58.7011,75.4702568207363,48800,NA
MHL,Marshall Islands,East Asia & Pacific,Upper middle income,2016,NA,NA,NA,NA,29.78779984,4897.14934002038,3946.8444109078,NA,89.3410852713178,58.42967,75.8524215301796,47709,NA
MHL,Marshall Islands,East Asia & Pacific,Upper middle income,2017,NA,NA,NA,NA,38.70119858,5200.01066532485,4190.93468589482,NA,NA,NA,76.2253071645634,46529,NA
MHL,Marshall Islands,East Asia & Pacific,Upper middle income,2018,NA,NA,NA,NA,43.88249969,5636.02954937672,4542.34293916308,NA,NA,NA,76.5886712229035,45285,NA
MHL,Marshall Islands,East Asia & Pacific,Upper middle income,2019,NA,NA,NA,NA,49.75749969,6405.89632387105,5162.81500670348,NA,97.886393659181,NA,76.9422712042154,44007,NA
MHL,Marshall Islands,East Asia & Pacific,Upper middle income,2020,NA,NA,NA,NA,56.41910172,6418.00663822416,5172.57528216176,NA,99.9664654594232,NA,77.285864607515,42706,NA
MHL,Marshall Islands,East Asia & Pacific,Upper middle income,2021,NA,NA,NA,NA,63.97259903,6768.82579129624,5455.31704015278,NA,101.538987688099,NA,77.6163157431143,41367,NA
MHL,Marshall Islands,East Asia & Pacific,Upper middle income,2022,NA,NA,NA,NA,64.26719666,6937.75357050514,5591.46393193103,NA,97.5043334960938,NA,77.9855966195187,40077,NA
MHL,Marshall Islands,East Asia & Pacific,Upper middle income,2023,NA,NA,NA,NA,64.07589722,6774.78265578378,5460.11795915213,NA,96.0382030420941,NA,78.3593928884282,38827,NA
MHL,Marshall Islands,East Asia & Pacific,Upper middle income,2024,NA,NA,NA,NA,65.915802,7236.8679376649,5832.53435602429,NA,91.2586144359811,NA,78.7325660244112,37548,NA
MRT,Mauritania,Sub-Saharan Africa,Lower middle income,2015,NA,NA,NA,NA,17.60000038,5969.54239289516,1558.84205473416,26.679,28.8231465861958,24.16832,51.6680350049622,3965959,0.624
MRT,Mauritania,Sub-Saharan Africa,Lower middle income,2016,NA,NA,NA,NA,19.23279953,5866.28144674129,1531.87725661699,26.447,30.5243563459821,28.27759,52.9185627319946,4086657,0.619
MRT,Mauritania,Sub-Saharan Africa,Lower middle income,2017,NA,NA,NA,NA,21.01720047,6050.62180325299,1580.01453100123,26.215,30.7430804973383,28.5148,54.1970448502004,4210600,0.609
MRT,Mauritania,Sub-Saharan Africa,Lower middle income,2018,NA,NA,NA,NA,22.96699905,6153.63790241704,1606.91539159026,26.234,34.754930908232,31.72382,55.1305077000081,4337685,0.618
MRT,Mauritania,Sub-Saharan Africa,Lower middle income,2019,NA,NA,NA,NA,25.0977993,6162.21044455969,1609.15396170643,26.263,37.5735638620028,NA,56.0596215779146,4467708,0.612
MRT,Mauritania,Sub-Saharan Africa,Lower middle income,2020,NA,NA,NA,NA,29.90649986,5963.23549724988,1557.19511875153,25.873,36.1789325617578,NA,56.9836701058893,4600131,0.614
MRT,Mauritania,Sub-Saharan Africa,Lower middle income,2021,NA,NA,NA,NA,35.63660049,5836.56580821897,1524.11753502309,26.069,NA,NA,57.901535141641,4734874,0.612
MRT,Mauritania,Sub-Saharan Africa,Lower middle income,2022,NA,NA,NA,NA,42.46450043,6053.26178124768,1580.70391528747,26.05,NA,NA,58.8120996197226,4875637,0.61
MRT,Mauritania,Sub-Saharan Africa,Lower middle income,2023,NA,NA,NA,NA,44.95629883,6276.47521075653,1638.99221583023,26.198,NA,NA,59.7142464747058,5022441,0.603
MRT,Mauritania,Sub-Saharan Africa,Lower middle income,2024,NA,NA,NA,NA,45.77939987,6482.69016635936,1692.84166088843,26.239,NA,NA,60.6068586411829,5169395,NA
MUS,Mauritius,Sub-Saharan Africa,Upper middle income,2015,45.7012,54.7033,9.002099999999999,0.8354377158233599,50.1393184766711,22499.0254570551,9630.5437837507,46.371,95.9186994275233,87.79956,39.6709610617726,1262879,0.373
MUS,Mauritius,Sub-Saharan Africa,Upper middle income,2016,NA,NA,NA,NA,52.19129944,23357.230006621,9997.89198315532,45.414,96.6578558308319,86.74572,39.5578893260494,1263747,0.37
MUS,Mauritius,Sub-Saharan Africa,Upper middle income,2017,52.9577,57.9356,4.977899999999998,0.9140787356996389,55.4032403002657,24258.988821567,10383.8832682578,45.716,95.6264935299157,87.69854,39.4499348663789,1264887,0.36
MUS,Mauritius,Sub-Saharan Africa,Upper middle income,2018,56.3968,60.8746,4.477800000000002,0.9264422271357841,58.596169704299,25243.886462031,10805.4615213739,45.604,93.8197294421645,87.0561,39.3474905591359,1265577,0.363
MUS,Mauritius,Sub-Saharan Africa,Upper middle income,2019,60.1306,63.3931,3.2624999999999957,0.9485354084277312,61.7299551453346,25958.4900281465,11111.3423669526,46.423,94.0894965817278,NA,39.2509492806955,1265985,0.325
MUS,Mauritius,Sub-Saharan Africa,Upper middle income,2020,66.5088,69.0175,2.5087000000000046,0.9636512478719165,67.73290684,22272.5398696677,9533.5982796049,43.111,91.3439926033381,NA,39.1607039074325,1266014,0.359
MUS,Mauritius,Sub-Saharan Africa,Upper middle income,2021,NA,NA,NA,NA,71.59999847,23010.2013826906,9849.34891121846,40.56,NA,NA,39.077147315722,1266334,0.361
MUS,Mauritius,Sub-Saharan Africa,Upper middle income,2022,NA,NA,NA,NA,75.5,25005.0666145723,10703.2364271462,42.521,NA,NA,39.0000125885784,1262523,0.36
MUS,Mauritius,Sub-Saharan Africa,Upper middle income,2023,NA,NA,NA,NA,79.5,26471.0351422892,11330.7335655767,47.644,NA,NA,39.0039901092226,1248647,0.352
MUS,Mauritius,Sub-Saharan Africa,Upper middle income,2024,72.4419,74.2288,1.7869000000000028,0.9759271334037463,73.30793533,27844.8956114831,11918.8045212095,47.45,93.386946088039707,NA,39.0162147027917,1245779,NA
MEX,Mexico,Latin America & Caribbean,Upper middle income,2015,54.5678,60.534,5.966200000000001,0.9014405127696832,57.4310429923633,21408.9283216195,10021.2386113616,43.928,104.495323181152,81.00084,77.1903854182753,121072306,0.379
MEX,Mexico,Latin America & Caribbean,Upper middle income,2016,58.0611,61.1989,3.1377999999999986,0.9487278366114423,59.5404459967255,21578.263354126,10100.5021195819,43.988,106.824447631836,82.32134,77.4405087351486,122251351,0.37
MEX,Mexico,Latin America & Caribbean,Upper middle income,2017,53.0281,53.0358,0.007699999999999818,0.9998548150494572,53.0317886110982,21777.5225127275,10193.7727188313,43.627,109.083389282227,82.50117,77.7206924598541,123400057,0.372
MEX,Mexico,Latin America & Caribbean,Upper middle income,2018,56.1804,57.1903,1.0099000000000018,0.9823414110434812,56.6595667981289,21997.7730219494,10296.8690940459,44.134,110.51097869873,NA,78.0271223924494,124573711,0.365
MEX,Mexico,Latin America & Caribbean,Upper middle income,2019,68.0718,71.3822,3.3104000000000013,0.9536242928909447,69.6321092705209,21704.185952748,10159.4448367696,45.573,110.386650085449,NA,78.355984332992,125762982,0.366
MEX,Mexico,Latin America & Caribbean,Upper middle income,2020,70.7557,72.2796,1.5238999999999976,0.9789165961073387,71.49017499,19728.4817827455,9234.64362226594,41.704,107.480339050293,NA,78.677960602824,126799054,0.368
MEX,Mexico,Latin America & Caribbean,Upper middle income,2021,74.816,76.5124,1.696399999999997,0.9778284304243495,75.62650476,20782.5877440905,9728.05680024504,44.615,103.972526550293,NA,78.9324007418057,127648148,0.365
MEX,Mexico,Latin America & Caribbean,Upper middle income,2022,78.0513,79.2709,1.2195999999999998,0.9846147829783691,78.63217894,21391.8573698845,10013.2479227064,46.004,104.8212890625,NA,79.199683215791,128613117,0.361
MEX,Mexico,Latin America & Caribbean,Upper middle income,2023,81.3647,80.9827,-0.382000000000005,1.0047170568528834,81.18318755,21864.9236104145,10234.6840265651,47.317,108.700912475586,NA,79.4734935748046,129739759,0.358
MEX,Mexico,Latin America & Caribbean,Upper middle income,2024,82.2767,84.0676,1.7908999999999935,0.9786969058234088,83.12233799,21970.3520412926,10284.0336925726,47.414,109.978668212891,NA,79.7538805976118,130861007,NA
FSM,"Micronesia, Fed. Sts.",East Asia & Pacific,Upper middle income,2015,NA,NA,NA,NA,31.50110054,3739.35968767448,2869.86276169101,NA,NA,NA,22.3122336099411,108716,NA
FSM,"Micronesia, Fed. Sts.",East Asia & Pacific,Upper middle income,2016,NA,NA,NA,NA,33.35219955,3774.03193396948,2896.4728224546802,NA,NA,NA,22.3214896137555,109075,NA
FSM,"Micronesia, Fed. Sts.",East Asia & Pacific,Upper middle income,2017,NA,NA,NA,NA,35.30410004,3838.04534289261,2945.60147384462,NA,NA,NA,22.332401189542,109481,NA
FSM,"Micronesia, Fed. Sts.",East Asia & Pacific,Upper middle income,2018,NA,NA,NA,NA,36.61460114,3838.64054793262,2946.05827846428,NA,NA,NA,22.3449820355433,109909,NA
FSM,"Micronesia, Fed. Sts.",East Asia & Pacific,Upper middle income,2019,NA,NA,NA,NA,37.97370148,3965.05377269396,3043.07718989012,NA,NA,NA,22.359245777081,110282,NA
FSM,"Micronesia, Fed. Sts.",East Asia & Pacific,Upper middle income,2020,NA,NA,NA,NA,39.38330078,3861.29319570301,2963.44360529022,NA,NA,NA,22.3752060036598,110916,NA
FSM,"Micronesia, Fed. Sts.",East Asia & Pacific,Upper middle income,2021,NA,NA,NA,NA,NA,3955.73141317971,3035.92251779232,NA,NA,NA,22.3928762855411,111624,NA
FSM,"Micronesia, Fed. Sts.",East Asia & Pacific,Upper middle income,2022,NA,NA,NA,NA,39.027900699999996,3815.79465699672,2928.52464245951,NA,NA,NA,22.4122701819053,112114,NA
FSM,"Micronesia, Fed. Sts.",East Asia & Pacific,Upper middle income,2023,NA,NA,NA,NA,39.39889908,3841.27116510816,2948.07720975276,NA,NA,NA,22.4334012451903,112630,NA
FSM,"Micronesia, Fed. Sts.",East Asia & Pacific,Upper middle income,2024,NA,NA,NA,NA,39.52360153,3911.26631940407,3001.79669747008,NA,NA,NA,22.4562830235421,113160,NA
MDA,Moldova,Europe & Central Asia,Upper middle income,2015,NA,NA,NA,NA,69.0000044661932,11691.0797484184,2749.55137054338,69.413,105.821275331092,76.6095,39.6954040527344,2835978,0.234
MDA,Moldova,Europe & Central Asia,Upper middle income,2016,NA,NA,NA,NA,70.9999991066624,12377.366678394,2910.95486872376,68.93,106.359346502359,76.56169,39.7373237609863,2803186,0.226
MDA,Moldova,Europe & Central Asia,Upper middle income,2017,NA,NA,NA,NA,71.76709747,13118.8219369605,3085.33305844263,67.43,94.1081275473507,77.78425,39.9736557006836,2755189,0.215
MDA,Moldova,Europe & Central Asia,Upper middle income,2018,NA,NA,NA,NA,72.54239655,13895.5043655692,3267.9961042872,66.419,95.4169685647691,77.59551,40.3258094787598,2707203,0.209
MDA,Moldova,Europe & Central Asia,Upper middle income,2019,NA,NA,NA,NA,73.32610321,14621.2401362286,3438.67732670712,68.337,95.0363793316069,NA,40.772289276123,2664224,0.183
MDA,Moldova,Europe & Central Asia,Upper middle income,2020,NA,NA,NA,NA,74.11830139,13559.2600217483,3188.91691602699,68.085,95.901275750102,NA,41.3368530273438,2635130,0.182
MDA,Moldova,Europe & Central Asia,Upper middle income,2021,NA,NA,NA,NA,74.91899872,15682.0703284653,3688.16729442144,70.665,96.2182041066503,NA,41.8115425109863,2595809,0.152
MDA,Moldova,Europe & Central Asia,Upper middle income,2022,NA,NA,NA,NA,74.91899872,15350.3120408391,3610.14315344719,71.543,97.3920322268435,NA,42.4048843383789,2528654,0.142
MDA,Moldova,Europe & Central Asia,Upper middle income,2023,NA,NA,NA,NA,76.50330353,15980.5668889856,3758.3688194082,70.064,96.9969097488181,NA,43.0011825561523,2457783,0.146
MDA,Moldova,Europe & Central Asia,Upper middle income,2024,NA,NA,NA,NA,77.3687973,16393.8633257184,3855.56940382925,72.177,99.3201300620751,NA,43.516471862793,2402306,NA
MNG,Mongolia,East Asia & Pacific,Upper middle income,2015,NA,NA,NA,NA,22.5000041337688,13974.5967260365,3838.92126989984,53.429,NA,NA,67.9999999906095,3026864,0.336
MNG,Mongolia,East Asia & Pacific,Upper middle income,2016,NA,NA,NA,NA,22.2657705007562,13898.1456953585,3817.91962716702,52.092,NA,NA,67.9776754820979,3088856,0.331
MNG,Mongolia,East Asia & Pacific,Upper middle income,2017,NA,NA,NA,NA,23.71430016,14401.5375067562,3956.2049437134,52.687,NA,NA,67.9260583223672,3148917,0.33
MNG,Mongolia,East Asia & Pacific,Upper middle income,2018,51.204,42.7963,-8.407699999999998,1.1964585723532175,47.1300018848989,15230.2408828847,4183.85566447661,51.717,93.3913463704946,NA,67.8683444833372,3208189,0.322
MNG,Mongolia,East Asia & Pacific,Upper middle income,2019,55.0473,46.861,-8.186300000000003,1.174693241714859,51.079994082603,15790.6961126441,4337.8167085432,57.902,91.1179790787994,NA,67.8277299551557,3267673,0.311
MNG,Mongolia,East Asia & Pacific,Upper middle income,2020,NA,NA,NA,NA,62.50002848,14801.3420829185,4066.03410882791,56.048,99.0120395114876,NA,68.0894771770775,3327204,0.301
MNG,Mongolia,East Asia & Pacific,Upper middle income,2021,80.4054,82.9063,2.5009000000000015,0.969834620529441,81.60682285,14792.2509086422,4063.53669849245,53.158,101.767368447062,NA,69.2153244018555,3383741,0.292
MNG,Mongolia,East Asia & Pacific,Upper middle income,2022,NA,NA,NA,NA,81.07720184,15310.4349469163,4205.88554513551,54.629,96.3042193568297,NA,69.783805847168,3433748,0.284
MNG,Mongolia,East Asia & Pacific,Upper middle income,2023,NA,NA,NA,NA,83.74320221,16222.8638898529,4456.53627552726,52.467,99.3672996596348,NA,70.4464492797852,3481145,0.284
MNG,Mongolia,East Asia & Pacific,Upper middle income,2024,NA,NA,NA,NA,85.12349701,16842.6505873797,4626.79609644243,52.1,NA,NA,70.9566040039062,3524788,NA
MNE,Montenegro,Europe & Central Asia,Upper middle income,2015,62.4114,72.4469,10.035499999999999,0.8614778548150439,68.1197860085679,21131.8410316247,6421.00005731419,46.123,92.0022735595703,NA,64.8181652937171,624651,0.145
MNE,Montenegro,Europe & Central Asia,Upper middle income,2016,65.8856,72.151,6.2654,0.9131626727280288,69.8816468416779,21834.0918741924,6634.38197201003,45.699,90.6202926635742,91.01731,64.9101692293409,625353,0.124
MNE,Montenegro,Europe & Central Asia,Upper middle income,2017,67.7452,73.1795,5.4343000000000075,0.9257401321408317,71.2723325399382,22513.7807637171,6840.90834101224,45.296,90.5475234985352,90.02813,64.9992438680584,625982,0.122
MNE,Montenegro,Europe & Central Asia,Upper middle income,2018,71.7125,71.3587,-0.3538000000000068,1.0049580499644752,71.5171004874886,23562.1762558957,7159.46778433252,45.52,91.4177093505859,89.75502,65.0854068937869,626438,0.122
MNE,Montenegro,Europe & Central Asia,Upper middle income,2019,71.0809,75.3093,4.2283999999999935,0.9438528840395543,73.4766657478691,24585.1159529158,7470.29237568568,46.888,92.1967697143555,NA,65.1686759904159,626753,0.113
MNE,Montenegro,Europe & Central Asia,Upper middle income,2020,76.8556,78.2339,1.37830000000001,0.9823823176397954,77.60879306,20904.5999314513,6351.95187949313,43.343,92.7898330688477,NA,65.2490688418027,626590,0.125
MNE,Montenegro,Europe & Central Asia,Upper middle income,2021,81.6723,82.6814,1.0090999999999894,0.9877953203501635,82.21969752,23689.9791090651,7198.3012265441,41.433,93.8239974975586,NA,65.3266031317675,625053,0.117
MNE,Montenegro,Europe & Central Asia,Upper middle income,2022,87.3047,88.9512,1.6465000000000032,0.981489850614719,88.22192026,25583.3155690619,7773.59958791074,48.489,93.450813293457,NA,65.4012965440866,623591,0.11
MNE,Montenegro,Europe & Central Asia,Upper middle income,2023,NA,NA,NA,NA,88.5515976,27243.404228981,8278.02461006262,51.777,95.1452331542969,NA,65.4731667624849,623529,0.121
MNE,Montenegro,Europe & Central Asia,Upper middle income,2024,89.3549,88.4688,-0.886099999999999,1.0100159604289873,88.88258428,28105.5927726624,8540.00427762252,51.429,NA,NA,65.5422314706266,623525,NA
MAR,Morocco,"Middle East, North Africa, Afghanistan & Pakistan",Lower middle income,2015,51.4234,62.8402,11.416800000000002,0.8183201199232338,57.0799993486116,8198.80859375,3146.24780273438,24.362,NA,NA,60.6417124737154,34607588,0.469
MAR,Morocco,"Middle East, North Africa, Afghanistan & Pakistan",Lower middle income,2016,53.479,63.1252,9.6462,0.8471893950435009,58.271236420398,8141.9404296875,3124.42504882813,23.275,NA,NA,60.9657656537179,35023457,0.453
MAR,Morocco,"Middle East, North Africa, Afghanistan & Pakistan",Lower middle income,2017,58.7989,64.7631,5.964199999999991,0.907907434943664,61.7622120123071,8450.0087890625,3242.64428710938,22.45,74.2546979867675,63.17838,61.2761057031842,35446392,0.45
MAR,Morocco,"Middle East, North Africa, Afghanistan & Pakistan",Lower middle income,2018,61.1112,68.5423,7.431100000000001,0.8915837373417583,64.8038651924043,8611.75,3304.7119140625,22.23,75.2608385790025,64.49911,61.5695822753314,35839760,0.449
MAR,Morocco,"Middle East, North Africa, Afghanistan & Pakistan",Lower middle income,2019,80.9506,87.3289,6.37830000000001,0.9269623228965439,84.1203630467602,8768.17578125,3364.73950195313,21.999,76.5740050948519,NA,61.8430450233765,36210898,0.448
MAR,Morocco,"Middle East, North Africa, Afghanistan & Pakistan",Lower middle income,2020,80.9506,87.3289,6.37830000000001,0.9269623228965439,84.12036305,8054.56298828125,3090.89428710938,20.688,78.1902667388164,NA,62.0933436005366,36584208,0.445
MAR,Morocco,"Middle East, North Africa, Afghanistan & Pakistan",Lower middle income,2021,86.3624,89.9199,3.5575000000000045,0.9604370111621565,88.13031937,8623.265625,3309.130859375,20.697,79.2970919837523,NA,62.3173276600289,36954442,0.439
MAR,Morocco,"Middle East, North Africa, Afghanistan & Pakistan",Lower middle income,2022,NA,NA,NA,NA,89.9,8690.4482421875,3334.91162109375,19.584,83.2706329144956,NA,62.5118468550703,37329064,0.44
MAR,Morocco,"Middle East, North Africa, Afghanistan & Pakistan",Lower middle income,2023,NA,NA,NA,NA,91,8915.3515625,3421.21704101563,19.671,87.2227171713839,NA,62.673750838878,37712505,0.438
MAR,Morocco,"Middle East, North Africa, Afghanistan & Pakistan",Lower middle income,2024,NA,NA,NA,NA,91.2,9162.7470703125,3516.15405273438,19.827,91.2537211746273,NA,62.7998124018197,38081173,NA
MOZ,Mozambique,Sub-Saharan Africa,Low income,2015,NA,NA,NA,NA,6.5,1512.5997455554,610.563774706589,78.143,32.985279083252,19.3244,32.1372836259918,26547572,0.517
MOZ,Mozambique,Sub-Saharan Africa,Low income,2016,NA,NA,NA,NA,7,1537.90853271216,620.779714954555,78.041,NA,NA,32.3819234395234,27337105,0.513
MOZ,Mozambique,Sub-Saharan Africa,Low income,2017,6.13563,9.6317,3.4960700000000005,0.6370246166305014,7.7963266079129,1532.0073576114,618.397694360334,77.942,35.2994499206543,NA,32.6274411492675,28166393,0.513
MOZ,Mozambique,Sub-Saharan Africa,Low income,2018,NA,NA,NA,NA,10.899999619999999,1538.83512127022,621.153734194787,77.84,NA,NA,32.9902559073541,29018644,0.502
MOZ,Mozambique,Sub-Saharan Africa,Low income,2019,NA,NA,NA,NA,12.47929955,1528.88988354373,617.13932000195,77.735,NA,NA,33.4177241517032,29884380,0.491
MOZ,Mozambique,Sub-Saharan Africa,Low income,2020,NA,NA,NA,NA,14.28740025,1466.12476474476,591.804059985932,76.87,NA,NA,33.9044006416285,30783688,0.474
MOZ,Mozambique,Sub-Saharan Africa,Low income,2021,NA,NA,NA,NA,16.35759926,1457.23540930922,588.215854695416,76.785,NA,NA,34.4499259401554,31707800,0.477
MOZ,Mozambique,Sub-Saharan Africa,Low income,2022,NA,NA,NA,NA,18.96220016,1476.73432917026,596.086630918965,77.198,NA,NA,35.0536638047945,32656246,0.481
MOZ,Mozambique,Sub-Saharan Africa,Low income,2023,NA,NA,NA,NA,19.94560051,1512.66729609671,610.591041611538,77.269,NA,NA,35.7149783148407,33635160,0.479
MOZ,Mozambique,Sub-Saharan Africa,Low income,2024,NA,NA,NA,NA,20.52729988,1500.70758504856,605.763481416969,77.206,NA,NA,36.4332337447237,34631766,NA
MMR,Myanmar,East Asia & Pacific,Lower middle income,2015,NA,NA,NA,NA,10.899999619999999,5313.88615901476,1166.73305546337,50.799,NA,NA,29.7166821191682,51089056,0.495
MMR,Myanmar,East Asia & Pacific,Lower middle income,2016,NA,NA,NA,NA,16,5580.98977273232,1225.37913970989,49.229,72.2770767211914,58.52291,29.8129165582094,51495696,0.512
MMR,Myanmar,East Asia & Pacific,Lower middle income,2017,19.4004,28.5931,9.192699999999999,0.6784993582367774,23.621081950267,5877.87465558175,1290.5640902569,47.659,77.0976104736328,62.02187,29.9051727703437,51894938,0.512
MMR,Myanmar,East Asia & Pacific,Lower middle income,2018,NA,NA,NA,NA,29.37899971,6201.26341429803,1361.5683126412,48.438,81.8814926147461,66.63893,29.993574050729,52272247,0.501
MMR,Myanmar,East Asia & Pacific,Lower middle income,2019,NA,NA,NA,NA,36.54050064,6562.98898478625,1440.98988236734,46.289,NA,NA,30.0782436945232,52640713,0.5
MMR,Myanmar,East Asia & Pacific,Lower middle income,2020,NA,NA,NA,NA,45.4477005,5926.83450206681,1301.31386350667,44.726,NA,NA,30.1593049968842,53016522,0.472
MMR,Myanmar,East Asia & Pacific,Lower middle income,2021,NA,NA,NA,NA,NA,5178.44718217164,1136.9956605414,41.042,NA,NA,30.2368812529698,53387102,0.478
MMR,Myanmar,East Asia & Pacific,Lower middle income,2022,NA,NA,NA,NA,NA,5350.47666899931,1174.76697945755,41.071,NA,NA,30.311095757938,53756787,0.479
MMR,Myanmar,East Asia & Pacific,Lower middle income,2023,NA,NA,NA,NA,NA,5364.13797034429,1177.76649645563,41.051,NA,NA,30.3820718069466,54133798,0.478
MMR,Myanmar,East Asia & Pacific,Lower middle income,2024,NA,NA,NA,NA,NA,5276.29433987853,1158.47928097728,40.959,NA,NA,30.4499084074136,54500091,NA
NAM,Namibia,Sub-Saharan Africa,Lower middle income,2015,NA,NA,NA,NA,25.68790054,12166.5658392058,4774.10650865775,56.351,81.7415343444417,NA,45.5103554445325,2374300,0.482
NAM,Namibia,Sub-Saharan Africa,Lower middle income,2016,NA,NA,NA,NA,31.0333004,11846.7880832757,4648.62713460213,55.497,82.4628831856333,NA,46.1751725648784,2439213,0.471
NAM,Namibia,Sub-Saharan Africa,Lower middle income,2017,NA,NA,NA,NA,36.83739853,11408.7253099967,4476.73324402105,55.436,82.9187287944073,NA,46.8135799686288,2506853,0.463
NAM,Namibia,Sub-Saharan Africa,Lower middle income,2018,NA,NA,NA,NA,42.8207016,11214.38604306,4400.47537705743,55.388,82.4447917914626,NA,47.4232814423189,2577327,0.453
NAM,Namibia,Sub-Saharan Africa,Lower middle income,2019,NA,NA,NA,NA,49.77590179,10813.3044681944,4243.09274481966,55.322,83.3997206880115,NA,48.0019807724839,2650494,0.456
NAM,Namibia,Sub-Saharan Africa,Lower middle income,2020,NA,NA,NA,NA,57.8608017,9652.24827219463,3787.49943973286,52.45,87.2617411950085,NA,48.547381745659,2728762,0.452
NAM,Namibia,Sub-Saharan Africa,Lower middle income,2021,NA,NA,NA,NA,60.25999832,9709.09930646771,3809.80753359714,53.111,87.1498788500333,NA,49.0571881483796,2810548,0.45
NAM,Namibia,Sub-Saharan Africa,Lower middle income,2022,NA,NA,NA,NA,62.99720001,9953.09752403491,3905.55135268164,54.735,86.1980083129179,NA,49.5291037671807,2889662,0.448
NAM,Namibia,Sub-Saharan Africa,Lower middle income,2023,NA,NA,NA,NA,63.69549942,10126.2359555611,3973.49010579998,54.828,86.2067962132394,NA,49.9545837830821,2963095,0.448
NAM,Namibia,Sub-Saharan Africa,Lower middle income,2024,NA,NA,NA,NA,64.87460327,10276.3686426386,4032.40150676649,54.911,86.3728889011327,NA,50.4088030252155,3030131,NA
NPL,Nepal,South Asia,Lower middle income,2015,NA,NA,NA,NA,17.58160019,3745.26182249477,875.543635474862,27.006,70.6879119873047,NA,64.9510094249155,27823629,0.511
NPL,Nepal,South Asia,Lower middle income,2016,NA,NA,NA,NA,20.700000760000002,3743.7445783578,875.188943730855,27.346,73.9553375244141,56.2333,65.2895168835553,27955462,0.512
NPL,Nepal,South Asia,Lower middle income,2017,NA,NA,NA,NA,24.3,4071.70431755798,951.857298563641,27.53,77.7481231689453,58.58795,65.5768928085184,28011258,0.536
NPL,Nepal,South Asia,Lower middle income,2018,NA,NA,NA,NA,28.60000038,4371.38571771897,1021.91492204011,27.628,NA,NA,65.8104229225551,28079689,0.519
NPL,Nepal,South Asia,Lower middle income,2019,NA,NA,NA,NA,33.33660126,4607.52454717112,1077.11796498188,27.537,84.223991394043,62.81848,65.9873929484157,28414064,0.503
NPL,Nepal,South Asia,Lower middle income,2020,NA,NA,NA,NA,36.96530151,4412.5420439395,1031.53618783934,27.209,87.491828918457,NA,66.1050886088505,28966574,0.494
NPL,Nepal,South Asia,Lower middle income,2021,NA,NA,NA,NA,40.98910141,4546.22970006289,1062.7888430629,27.256,85.6409873713909,NA,66.144235274522,29475010,0.49
NPL,Nepal,South Asia,Lower middle income,2022,NA,NA,NA,NA,45.45080185,4763.38751073946,1113.55462341223,27.24,84.9171356280891,NA,66.2992968721053,29715436,0.487
NPL,Nepal,South Asia,Lower middle income,2023,NA,NA,NA,NA,45.80680084,4861.230303797,1136.4276931197,27.302,90.7214299008772,NA,66.5432933453944,29694614,0.487
NPL,Nepal,South Asia,Lower middle income,2024,NA,NA,NA,NA,46.32189941,5047.42449022702,1179.95499311034,27.378,90.8899312933145,NA,66.772343163029,29651054,NA
NIC,Nicaragua,Latin America & Caribbean,Lower middle income,2015,NA,NA,NA,NA,19.70429993,6939.03243274344,2074.45620634731,48.342,NA,NA,57.8149881864705,6149417,0.431
NIC,Nicaragua,Latin America & Caribbean,Lower middle income,2016,NA,NA,NA,NA,24.57180023,7158.75755467501,2140.14405941606,48.728,NA,NA,58.0043880782023,6232666,0.424
NIC,Nicaragua,Latin America & Caribbean,Lower middle income,2017,NA,NA,NA,NA,30.39999962,7391.19638215265,2209.63273423213,49.116,NA,NA,58.1892567408822,6316231,0.424
NIC,Nicaragua,Latin America & Caribbean,Lower middle income,2018,NA,NA,NA,NA,33.9129982,7049.02709828403,2107.3396261623,48.852,NA,NA,58.3683858659405,6400080,0.423
NIC,Nicaragua,Latin America & Caribbean,Lower middle income,2019,NA,NA,NA,NA,39.01079941,6756.59334024487,2019.91518620044,48.634,NA,NA,58.5405671448072,6483657,0.421
NIC,Nicaragua,Latin America & Caribbean,Lower middle income,2020,NA,NA,NA,NA,44.87490082,6523.36944661195,1950.19181218473,48.119,NA,NA,58.7045922689128,6565267,0.418
NIC,Nicaragua,Latin America & Caribbean,Lower middle income,2021,NA,NA,NA,NA,51.62039948,7119.16874782601,2128.30880041334,49.078,NA,NA,58.8592529296875,6644741,0.412
NIC,Nicaragua,Latin America & Caribbean,Lower middle income,2022,NA,NA,NA,NA,59.38000107,7277.82041652584,2175.73845893874,50.144,NA,NA,58.9954376220703,6730654,0.408
NIC,Nicaragua,Latin America & Caribbean,Lower middle income,2023,NA,NA,NA,NA,60.30120087,7496.53056557505,2241.1228811163,50.728,70.6665573120117,NA,59.1250953674316,6823613,0.408
NIC,Nicaragua,Latin America & Caribbean,Lower middle income,2024,NA,NA,NA,NA,61.39550018,7661.09410113202,2290.31991989418,51.082,NA,NA,59.2628402709961,6916140,NA
NER,Niger,Sub-Saharan Africa,Low income,2015,NA,NA,NA,NA,2.476200104,1480.39815168147,485.662574175279,61.705,16.6576291122559,13.72503,16.3035606587493,19939498,0.659
NER,Niger,Sub-Saharan Africa,Low income,2016,NA,NA,NA,NA,4.322800159,1488.08648074655,488.184823801581,61.334,19.4438558469203,NA,16.3898280543236,20685753,0.657
NER,Niger,Sub-Saharan Africa,Low income,2017,5.28571,15.9925,10.70679,0.3305118024073785,10.2243115586561,1515.48307317618,497.172608329608,60.962,20.3042793946679,17.06071,16.5036987906896,21435446,0.666
NER,Niger,Sub-Saharan Africa,Low income,2018,NA,NA,NA,NA,10.74180031,1565.01970005142,513.423699765289,60.589,NA,NA,16.6449011799221,22188069,0.636
NER,Niger,Sub-Saharan Africa,Low income,2019,NA,NA,NA,NA,11.28549957,1605.19476569029,526.60361746086,60.214,NA,NA,16.813146499685,22947757,0.625
NER,Niger,Sub-Saharan Africa,Low income,2020,NA,NA,NA,NA,11.85680008,1622.27873602911,532.208221196997,63.669,NA,NA,17.0081420003794,23717613,0.622
NER,Niger,Sub-Saharan Africa,Low income,2021,NA,NA,NA,NA,12.45689964,1587.84784907329,520.912751008043,67.799,NA,NA,17.2295936666686,24502140,0.596
NER,Niger,Sub-Saharan Africa,Low income,2022,NA,NA,NA,NA,13.087499619999999,1724.89699425215,565.873385794358,72.608,NA,NA,17.477207007512,25311973,0.591
NER,Niger,Sub-Saharan Africa,Low income,2023,NA,NA,NA,NA,12.98079967,1712.97031726521,561.960694711722,72.501,20.6873224974982,NA,17.7506873295237,26159867,0.591
NER,Niger,Sub-Saharan Africa,Low income,2024,NA,NA,NA,NA,15.55760002,1795.65266888022,589.085643279512,72.787,19.5379934744263,NA,18.0497398450803,27032412,NA
NGA,Nigeria,Sub-Saharan Africa,Lower middle income,2015,NA,NA,NA,NA,22.51420021,8892.05798673631,2585.73360671797,75.759,41.8675918579102,NA,55.7325682057138,190671878,0.681
NGA,Nigeria,Sub-Saharan Africa,Lower middle income,2016,NA,NA,NA,NA,24.137500760000002,8534.69281482375,2481.81490350403,75.887,37.2762603759766,NA,56.541038793347,195443700,0.679
NGA,Nigeria,Sub-Saharan Africa,Lower middle income,2017,NA,NA,NA,NA,25.87789917,8396.78452243227,2441.71236404537,76.156,NA,NA,57.3486345560101,200254579,0.675
NGA,Nigeria,Sub-Saharan Africa,Lower middle income,2018,NA,NA,NA,NA,27.74370003,8362.62330860296,2431.77857832597,76.355,39.4427909851074,NA,58.1553347527729,204938755,0.672
NGA,Nigeria,Sub-Saharan Africa,Lower middle income,2019,NA,NA,NA,NA,29.74410057,8361.78664836,2431.53528475874,76.597,NA,NA,58.9611186427056,209485641,0.69
NGA,Nigeria,Sub-Saharan Africa,Lower middle income,2020,NA,NA,NA,NA,31.88879967,7664.21099575168,2228.68631426529,74.894,43.9140815734863,NA,59.7659654848781,213996181,0.679
NGA,Nigeria,Sub-Saharan Africa,Lower middle income,2021,NA,NA,NA,NA,35.50979996,7588.47885587002,2206.66406255564,75.893,45.1787605285645,NA,60.5698545383604,218529286,0.673
NGA,Nigeria,Sub-Saharan Africa,Lower middle income,2022,NA,NA,NA,NA,39.14720154,7752.26206495247,2254.29080414598,76.927,NA,NA,61.3727650622225,223150896,0.671
NGA,Nigeria,Sub-Saharan Africa,Lower middle income,2023,NA,NA,NA,NA,40.06399918,7843.00399007675,2280.67777167162,80.693,47.4061508178711,NA,62.1746763155343,227882945,0.677
NGA,Nigeria,Sub-Saharan Africa,Lower middle income,2024,NA,NA,NA,NA,41.21139908,7994.03754470824,2324.59702394542,80.714,NA,NA,62.9755675573659,232679478,NA
MKD,North Macedonia,Europe & Central Asia,Upper middle income,2015,67.2684,73.462,6.1936000000000035,0.9156897443576271,70.3802030766689,19215.0740381192,5262.68671928674,42.307,84.5505599975586,NA,59.0700383784659,1912430,0.162
MKD,North Macedonia,Europe & Central Asia,Upper middle income,2016,70.6467,73.6531,3.0063999999999993,0.9591816230409854,72.1568144676058,19825.7724685057,5429.94678358359,41.114,NA,NA,59.3823070989891,1906313,0.162
MKD,North Macedonia,Europe & Central Asia,Upper middle income,2017,72.9203,76.0973,3.1770000000000067,0.9582508183601782,74.5168241807954,20121.0510180726,5510.81862920922,41.241,83.6312866210938,NA,59.7437719356273,1898657,0.151
MKD,North Macedonia,Europe & Central Asia,Upper middle income,2018,77.4054,80.9118,3.5063999999999993,0.9566639229383106,79.1677551850871,20805.9221192555,5698.39334484489,41.277,82.5274887084961,NA,60.1580316016216,1889051,0.146
MKD,North Macedonia,Europe & Central Asia,Upper middle income,2019,80.7675,82.0514,1.2839000000000027,0.9843524912432938,81.4128827618364,21766.8842062487,5961.58475399191,42.856,81.7043609619141,NA,60.6286848102132,1876262,0.14
MKD,North Macedonia,Europe & Central Asia,Upper middle income,2020,79.2467,83.5401,4.293399999999991,0.9486067170137455,81.40553811,20971.4421033593,5743.72649424581,41.861,81.9225616455078,NA,61.1593302746435,1856124,0.139
MKD,North Macedonia,Europe & Central Asia,Upper middle income,2021,NA,NA,NA,NA,81.873703,22144.1924252732,6064.92315120022,40.931,84.2663116455078,NA,61.6841975628139,1837114,0.133
MKD,North Macedonia,Europe & Central Asia,Upper middle income,2022,NA,NA,NA,NA,83.85030365,22822.2333994259,6250.62720952063,42.206,91.6712875366211,NA,61.9530566607267,1831712,0.127
MKD,North Macedonia,Europe & Central Asia,Upper middle income,2023,NA,NA,NA,NA,88.5,23455.2221318176,6423.99221393369,42.158,90.173713684082,NA,62.2518322545779,1827816,0.112
MKD,North Macedonia,Europe & Central Asia,Upper middle income,2024,NA,NA,NA,NA,93.6,24203.1855800189,6628.84686594032,42.884,NA,NA,62.5645376928533,1824359,NA
PAK,Pakistan,"Middle East, North Africa, Afghanistan & Pakistan",Lower middle income,2015,NA,NA,NA,NA,11,4645.28631071145,1380.47020838317,23.983,30.3251040463428,30.4412,35.9017325715342,217290883,0.563
PAK,Pakistan,"Middle East, North Africa, Afghanistan & Pakistan",Lower middle income,2016,9.49437,15.3997,5.905329999999999,0.616529542783301,12.385446763381,4886.61212115378,1452.18658269177,23.162,31.73991038953,31.91571,36.1597184900333,220138869,0.563
PAK,Pakistan,"Middle East, North Africa, Afghanistan & Pakistan",Lower middle income,2017,NA,NA,NA,NA,13.77999973,5031.56060738433,1495.26187528032,22.358,31.2563221783058,31.62959,36.435154822339904,223273967,0.559
PAK,Pakistan,"Middle East, North Africa, Afghanistan & Pakistan",Lower middle income,2018,NA,NA,NA,NA,15.34000015,5255.06350681272,1561.68169819559,21.571,33.7539426003326,34.18399,36.7478511550359,226928892,0.563
PAK,Pakistan,"Middle East, North Africa, Afghanistan & Pakistan",Lower middle income,2019,12.9284,21.3422,8.413799999999998,0.6057669780997273,17.070901719916,5295.95295138203,1573.8330826937,23.241,35.5736865644319,NA,37.1091631735769,230800899,0.555
PAK,Pakistan,"Middle East, North Africa, Afghanistan & Pakistan",Lower middle income,2020,13.6127,24.039,10.426300000000001,0.5662756354257664,18.935,5135.01459288839,1526.00597486307,23.406,NA,NA,37.5080192948099,235001746,0.544
PAK,Pakistan,"Middle East, North Africa, Afghanistan & Pakistan",Lower middle income,2021,NA,NA,NA,NA,NA,5367.27364714762,1595.02792175422,24.365,36.7848892672203,NA,37.9333395514173,239477801,0.541
PAK,Pakistan,"Middle East, North Africa, Afghanistan & Pakistan",Lower middle income,2022,NA,NA,NA,NA,NA,5526.27928310213,1642.28066974826,24.027,37.4490104990348,NA,38.3740439760816,243700667,0.538
PAK,Pakistan,"Middle East, North Africa, Afghanistan & Pakistan",Lower middle income,2023,NA,NA,NA,NA,NA,5418.7693189297,1610.33122837537,23.997,39.5879695501278,NA,38.8191861872791,247504495,0.536
PAK,Pakistan,"Middle East, North Africa, Afghanistan & Pakistan",Lower middle income,2024,NA,NA,NA,NA,57.253,5502.0736120186,1635.08731167091,23.989,46.4835415439493,NA,39.1734368360905,251269164,NA
PNG,Papua New Guinea,East Asia & Pacific,Lower middle income,2015,NA,NA,NA,NA,7.900000095,4155.05563962107,2484.5963398603,48.779,NA,NA,13.2341359836319,8743246,0.6
PNG,Papua New Guinea,East Asia & Pacific,Lower middle income,2016,NA,NA,NA,NA,9.601499557,4276.29643263164,2557.09463030035,49.008,NA,29.18538,13.3653651942392,8961718,0.596
PNG,Papua New Guinea,East Asia & Pacific,Lower middle income,2017,NA,NA,NA,NA,11.20919991,4322.77662200998,2584.8883636271,49.297,NA,NA,13.5249644881888,9178714,0.82
PNG,Papua New Guinea,East Asia & Pacific,Lower middle income,2018,NA,NA,NA,NA,12.35789967,4211.68504310327,2518.45899317321,49.709,40.4233467116333,NA,13.7125720532162,9394513,0.818
PNG,Papua New Guinea,East Asia & Pacific,Lower middle income,2019,NA,NA,NA,NA,13.62419987,4302.16255230002,2572.56177967896,49.962,41.5678577082811,NA,13.9278267446947,9609010,0.816
PNG,Papua New Guinea,East Asia & Pacific,Lower middle income,2020,NA,NA,NA,NA,15.02040005,4078.15378358566,2438.61137922293,49.809,40.4603408609418,NA,14.1703677185729,9815746,0.816
PNG,Papua New Guinea,East Asia & Pacific,Lower middle income,2021,NA,NA,NA,NA,16.55960083,3977.44297360749,2378.3893914666,50.567,48.9409565731442,NA,14.4398342822353,10012896,0.816
PNG,Papua New Guinea,East Asia & Pacific,Lower middle income,2022,NA,NA,NA,NA,18.25659943,4126.03032145403,2467.24008628973,50.645,NA,NA,14.7358658260841,10203169,0.608
PNG,Papua New Guinea,East Asia & Pacific,Lower middle income,2023,NA,NA,NA,NA,18.56130028,4206.37834691367,2515.28575096589,50.644,48.1780291095574,NA,15.0581017891206,10389635,0.584
PNG,Papua New Guinea,East Asia & Pacific,Lower middle income,2024,NA,NA,NA,NA,18.81159973,4292.71205430013,2566.91067057792,50.697,NA,NA,15.4061816403333,10576502,NA
PRY,Paraguay,Latin America & Caribbean,Upper middle income,2015,50.0983,49.328,-0.7702999999999989,1.0156158773921504,49.716304663966,14425.777586033,5879.33792308671,54.827,NA,NA,61.3302768533263,6159103,0.452
PRY,Paraguay,Latin America & Caribbean,Upper middle income,2016,53.7794,53.0293,-0.7501000000000033,1.014145010399911,53.4041274791009,14824.7906280812,6041.95879367268,56.466,84.2714777594267,NA,62.0827613208606,6249126,0.44
PRY,Paraguay,Latin America & Caribbean,Upper middle income,2017,61.3388,60.8133,-0.525500000000001,1.00864120184236,61.0757562215797,15318.4012187276,6243.13363139058,57.843,NA,NA,62.9526389826574,6338660,0.441
PRY,Paraguay,Latin America & Caribbean,Upper middle income,2018,65.6624,64.3244,-1.338000000000008,1.0208008158645865,64.9935430235756,15591.0142663085,6354.2392005297,59.414,NA,NA,63.9248988239553,6427382,0.44
PRY,Paraguay,Latin America & Caribbean,Upper middle income,2019,69.0172,68.0063,-1.0109000000000066,1.014864799290654,68.5176284222264,15319.3889991221,6243.53620897773,60.256,NA,NA,64.9845298299929,6515058,0.436
PRY,Paraguay,Latin America & Caribbean,Upper middle income,2020,74.9597,72.9409,-2.018799999999999,1.027677201679716,73.95751114,14989.7667130162,6109.19608100615,57.105,88.6356499895332,NA,66.116520986009,6603739,0.435
PRY,Paraguay,Latin America & Caribbean,Upper middle income,2021,77.9169,76.1106,-1.8062999999999931,1.0237325681311145,77.01838621,15400.9446332428,6276.7748423663,59.85,91.6603622436523,NA,67.3058612772421,6684182,0.432
PRY,Paraguay,Latin America & Caribbean,Upper middle income,2022,77.5692,74.9407,-2.6284999999999883,1.0350743988246704,76.25916611,15222.8920228598,6204.20811531911,58.986,87.3263168334961,NA,68.6396537819458,6760464,0.431
PRY,Paraguay,Latin America & Caribbean,Upper middle income,2023,79.2152,76.9155,-2.2997000000000014,1.029899045055938,78.09481878,15831.5849831308,6452.28566840034,58.994,81.5245895544797,NA,69.3466081733694,6844146,0.412
PRY,Paraguay,Latin America & Caribbean,Upper middle income,2024,82.1252,81.0022,-1.1230000000000047,1.01386382098264,81.57806793,16367.4940166481,6670.6995656958,58.944,80.8023312507795,NA,69.8622585886961,6929153,NA
PER,Peru,Latin America & Caribbean,Upper middle income,2015,38.4658,43.2196,4.753799999999998,0.8900082370035818,40.8526009090468,14540.8313160635,6231.71150338894,67.657,98.0674209594727,79.97777,80.698277662669,30457600,0.391
PER,Peru,Latin America & Caribbean,Upper middle income,2016,42.6021,48.3049,5.702800000000003,0.8819415835660563,45.4617406869459,14915.4366324454,6392.25474941014,67.721,100.164909362793,82.59675,81.4192362241943,30866494,0.37
PER,Peru,Latin America & Caribbean,Upper middle income,2017,47.4922,53.4117,5.919500000000006,0.8891722225654678,50.4504121848143,15067.489279382,6457.41940254721,69.388,99.50537109375,84.72109,82.1931650502403,31324637,0.365
PER,Peru,Latin America & Caribbean,Upper middle income,2018,52.1014,58.006,5.904600000000002,0.8982070820259973,55.0543342443197,15384.1846082423,6593.14437459526,69.85,98.6696395874023,87.71031,82.6854929960921,31897584,0.365
PER,Peru,Latin America & Caribbean,Upper middle income,2019,56.9921,62.9157,5.9236,0.9058486196609113,59.9505036049006,15461.4572585466,6626.26083494969,70.044,98.8904113769531,NA,83.1033003087105,32449303,0.367
PER,Peru,Latin America & Caribbean,Upper middle income,2020,62.5367,67.9844,5.44769999999999,0.9198683815698897,65.25179796,13607.7640705828,5831.83024758521,59.864,100.080932617188,NA,83.5267437189637,32838579,0.373
PER,Peru,Latin America & Caribbean,Upper middle income,2021,69.0545,73.1709,4.116399999999999,0.9437426627252091,71.10782643,15285.7706852395,6550.96747543872,64.845,102.32568359375,NA,83.9480118272361,33155882,0.342
PER,Peru,Latin America & Caribbean,Upper middle income,2022,72.5428,76.8108,4.268000000000001,0.944434897175918,74.67495213,15566.5242612563,6671.28902042137,66.725,103.652191162109,NA,84.3663554951194,33475438,0.341
PER,Peru,Latin America & Caribbean,Upper middle income,2023,77.3836,81.5861,4.202500000000001,0.9484900001348269,79.48484477,15342.2741359642,6575.18295502228,65.083,113.164916992188,NA,84.7810255849745,33845617,0.34
PER,Peru,Latin America & Caribbean,Upper middle income,2024,80.225,83.6948,3.4698000000000064,0.9585422272351447,81.95705992,15708.8329440963,6732.27773809578,64.939,108.98267364502,NA,85.1912729600355,34217848,NA
PHL,Philippines,East Asia & Pacific,Upper middle income,2015,NA,NA,NA,NA,36.90000153,7691.76308685047,2909.85818010301,48.67,85.5248692113886,71.3301,51.1549047745227,105312992,0.403
PHL,Philippines,East Asia & Pacific,Upper middle income,2016,NA,NA,NA,NA,39.20000076,8131.82537948653,3076.3374186759,48.19,86.0883666592253,NA,51.9114748151175,106735719,0.394
PHL,Philippines,East Asia & Pacific,Upper middle income,2017,NA,NA,NA,NA,41.59999847,8584.13622709699,3247.4503878362,45.045,84.2528228759766,NA,52.6010482354344,108119693,0.391
PHL,Philippines,East Asia & Pacific,Upper middle income,2018,NA,NA,NA,NA,44.09999847,9016.28659637608,3410.93647976109,45.532,82.4822175600847,NA,53.2088897464754,109465287,0.381
PHL,Philippines,East Asia & Pacific,Upper middle income,2019,NA,NA,NA,NA,43.0266118680279,9452.2939715981,3575.88170922922,46.566,87.6308727761127,NA,53.7157859948017,110804683,0.371
PHL,Philippines,East Asia & Pacific,Upper middle income,2020,NA,NA,NA,NA,53.76490021,8455.18457134106,3198.66690008413,42.675,89.6099009594054,NA,54.1077719895977,112081264,0.362
PHL,Philippines,East Asia & Pacific,Upper middle income,2021,NA,NA,NA,NA,66.90779877,8857.78995115514,3350.97587587776,44.203,87.9361520075232,NA,54.4504102510776,113100950,0.356
PHL,Philippines,East Asia & Pacific,Upper middle income,2022,75.1505,75.2716,0.12110000000001264,0.9983911594811321,75.21114422,9457.10395402883,3577.70136573244,50.38,93.8565182415521,NA,54.7902343568327,113964338,0.352
PHL,Philippines,East Asia & Pacific,Upper middle income,2023,NA,NA,NA,NA,77.86699677,9898.53294588106,3744.69763802686,50.445,92.2052107888903,NA,55.1242716168851,114891199,0.351
PHL,Philippines,East Asia & Pacific,Upper middle income,2024,69.9401,64.6093,-5.330799999999996,1.0825082457169477,67.26300914,10378.1717703535,3926.14900894495,50.511,86.1154588164975,NA,55.4520983215477,115843670,NA
RWA,Rwanda,Sub-Saharan Africa,Low income,2015,NA,NA,NA,NA,12.45600033,2313.09716940962,725.691418696952,54.516,40.5258619158058,30.19663,18.1953149858416,11640022,0.42
RWA,Rwanda,Sub-Saharan Africa,Low income,2016,NA,NA,NA,NA,14.63710022,2386.74841002826,748.798132068173,54.612,39.8630035289782,30.40812,19.1213951786548,11919183,0.413
RWA,Rwanda,Sub-Saharan Africa,Low income,2017,NA,NA,NA,NA,17.2,2441.08540816509,765.845359390541,54.723,41.5758285639592,NA,20.2477568101111,12202060,0.41
RWA,Rwanda,Sub-Saharan Africa,Low income,2018,NA,NA,NA,NA,19.16659927,2577.69730366075,808.704812752127,54.156,43.2482338226061,38.78909,21.5418444579064,12487996,0.411
RWA,Rwanda,Sub-Saharan Africa,Low income,2019,NA,NA,NA,NA,21.3579998,2753.53959810856,863.872077583172,51.87,46.5223774240521,NA,22.9711026997362,12776103,0.408
RWA,Rwanda,Sub-Saharan Africa,Low income,2020,NA,NA,NA,NA,23.8,2617.70706034364,821.257133282758,56.652,NA,NA,24.5029761132966,13065837,0.398
RWA,Rwanda,Sub-Saharan Africa,Low income,2021,NA,NA,NA,NA,24.4416008,2776.39276387923,871.041835304187,52.58,47.0146410981496,NA,26.1049092762833,13355260,0.397
RWA,Rwanda,Sub-Saharan Africa,Low income,2022,NA,NA,NA,NA,28.01679993,2983.10774007304,935.89483254264,54.695,47.5004278023246,NA,27.7806702737761,13651030,0.398
RWA,Rwanda,Sub-Saharan Africa,Low income,2023,NA,NA,NA,NA,28.80579948,3168.03075281515,993.911004643524,58.044,48.7785157251447,NA,28.8555310645477,13954471,0.394
RWA,Rwanda,Sub-Saharan Africa,Low income,2024,NA,NA,NA,NA,31.70330048,3325.00769683815,1043.15961499906,57.099,53.3234802182678,NA,29.8849714294083,14256567,NA
WSM,Samoa,East Asia & Pacific,Upper middle income,2015,NA,NA,NA,NA,NA,6433.1839621351,4084.36083819933,41.422,91.2186009453888,89.71274,19.2340105383551,201782,NA
WSM,Samoa,East Asia & Pacific,Upper middle income,2016,NA,NA,NA,NA,NA,6888.18769751001,4373.23792440391,41.385,91.1509944232257,89.73174,19.126462366749,203499,NA
WSM,Samoa,East Asia & Pacific,Upper middle income,2017,NA,NA,NA,NA,NA,6919.90225366914,4393.37316255965,41.376,NA,NA,18.9657191879831,205415,NA
WSM,Samoa,East Asia & Pacific,Upper middle income,2018,NA,NA,NA,NA,NA,6805.91709392797,4321.00518344962,39.417,NA,NA,18.7241267935467,207582,NA
WSM,Samoa,East Asia & Pacific,Upper middle income,2019,NA,NA,NA,NA,NA,7034.42233036815,4466.08075482035,37.466,NA,NA,18.4147344481283,209780,0.438
WSM,Samoa,East Asia & Pacific,Upper middle income,2020,NA,NA,NA,NA,NA,6746.15667963109,4283.06392492734,35.207,NA,NA,18.0516608994722,211944,0.429
WSM,Samoa,East Asia & Pacific,Upper middle income,2021,NA,NA,NA,NA,NA,6350.92787033711,4032.1373106241,33.491,NA,NA,17.5672426452007,213779,0.444
WSM,Samoa,East Asia & Pacific,Upper middle income,2022,NA,NA,NA,NA,NA,6450.19151677842,4095.15875576978,31.149,NA,NA,17.5007949951039,215261,0.416
WSM,Samoa,East Asia & Pacific,Upper middle income,2023,NA,NA,NA,NA,NA,7384.69163688613,4688.46305366113,31.158,NA,NA,17.5012799804602,216663,0.416
WSM,Samoa,East Asia & Pacific,Upper middle income,2024,NA,NA,NA,NA,NA,7687.23425552485,4880.54418032056,31.145,NA,NA,17.5029115108018,218019,NA
STP,Sao Tome and Principe,Sub-Saharan Africa,Lower middle income,2015,NA,NA,NA,NA,25.81999969,5210.2037755431,1298.10946596396,22.768,85.4740676879883,68.83567,67.3915710449219,200291,0.502
STP,Sao Tome and Principe,Sub-Saharan Africa,Lower middle income,2016,NA,NA,NA,NA,28,5388.5091334891,1342.533807689,22.844,87.7800827026367,NA,67.5218887329102,203689,0.506
STP,Sao Tome and Principe,Sub-Saharan Africa,Lower middle income,2017,NA,NA,NA,NA,32.61640167,5521.20249597413,1375.59403284199,22.955,95.1290435791016,NA,67.6520004272461,206970,0.491
STP,Sao Tome and Principe,Sub-Saharan Africa,Lower middle income,2018,NA,NA,NA,NA,37.99380112,5674.72379094011,1413.84348618541,23.092,NA,NA,67.7828826904297,210187,0.503
STP,Sao Tome and Principe,Sub-Saharan Africa,Lower middle income,2019,NA,NA,NA,NA,44.25790024,5702.08347071236,1420.66008316091,23.25,NA,NA,67.9129943847656,213392,0.497
STP,Sao Tome and Principe,Sub-Saharan Africa,Lower middle income,2020,NA,NA,NA,NA,51.55469894,5742.94724858826,1430.84119299096,22.649,NA,NA,68.0436706542969,217435,0.47
STP,Sao Tome and Principe,Sub-Saharan Africa,Lower middle income,2021,NA,NA,NA,NA,54.94950104,5732.69456061536,1428.28676097975,22.936,NA,NA,68.1738967895508,221961,0.468
STP,Sao Tome and Principe,Sub-Saharan Africa,Lower middle income,2022,NA,NA,NA,NA,58.56779861,5632.13890715047,1403.23356704678,23.014,NA,NA,68.3720919798341,226305,0.493
STP,Sao Tome and Principe,Sub-Saharan Africa,Lower middle income,2023,NA,NA,NA,NA,58.70130157,5541.3016760535,1380.60169416257,22.874,NA,NA,68.6043921103568,230871,0.492
STP,Sao Tome and Principe,Sub-Saharan Africa,Lower middle income,2024,NA,NA,NA,NA,59.11759949,5511.87785469752,1373.27082138436,22.771,NA,NA,68.8710170184884,235536,NA
SEN,Senegal,Sub-Saharan Africa,Lower middle income,2015,NA,NA,NA,NA,21.700000760000002,3593.79477121279,1218.00613555438,34.06,NA,NA,46.2747669629858,14593331,0.528
SEN,Senegal,Sub-Saharan Africa,Lower middle income,2016,NA,NA,NA,NA,25.66480064,3710.05531591559,1257.40906916238,38.726,NA,NA,47.0553579909929,15034521,0.51
SEN,Senegal,Sub-Saharan Africa,Lower middle income,2017,NA,NA,NA,NA,29.64310074,3871.45146786374,1312.10932775878,35.424,NA,39.42459,47.9338349639053,15475002,0.519
SEN,Senegal,Sub-Saharan Africa,Lower middle income,2018,NA,NA,NA,NA,35.29999924,3998.28635303867,1355.09610863533,36.353,NA,NA,48.9001692274485,15914498,0.508
SEN,Senegal,Sub-Saharan Africa,Lower middle income,2019,NA,NA,NA,NA,43.37969971,4070.6122705955,1379.60875249843,37.308,47.6122826558931,NA,49.9443321273477,16352922,0.506
SEN,Senegal,Sub-Saharan Africa,Lower middle income,2020,NA,NA,NA,NA,53.30879974,4018.04129279044,1361.7914374888,37.075,48.7408134468399,NA,51.0562950093282,16789219,0.501
SEN,Senegal,Sub-Saharan Africa,Lower middle income,2021,NA,NA,NA,NA,55.04040146,4173.67741399617,1414.53951093499,37.707,50.1069716907194,NA,52.2260292191155,17220867,0.497
SEN,Senegal,Sub-Saharan Africa,Lower middle income,2022,NA,NA,NA,NA,56.82830048,4228.73382643662,1433.19918752288,37.706,51.0293572947889,NA,53.4435061024348,17651103,0.493
SEN,Senegal,Sub-Saharan Africa,Lower middle income,2023,NA,NA,NA,NA,59.18740082,4304.76148721773,1458.9664233275,37.767,50.2150531512901,NA,54.6992276190794,18077573,0.49
SEN,Senegal,Sub-Saharan Africa,Lower middle income,2024,NA,NA,NA,NA,60.11780167,4477.81736836258,1517.61838829684,37.99,NA,NA,55.2368169057304,18501984,NA
SRB,Serbia,Europe & Central Asia,Upper middle income,2015,59.5545,69.5136,9.9591,0.8567316323712194,65.3170254003801,18247.8091057968,5820.3215576888,43.295,97.9315490722656,94.5781,60.1388092041016,7095383,0.155
SRB,Serbia,Europe & Central Asia,Upper middle income,2016,65.0057,69.1798,4.174099999999996,0.939663023021171,67.0568413716938,18889.3816415548,6024.95754653784,45.271,97.4025421142578,93.89724,60.3853870034026,7058322,0.145
SRB,Serbia,Europe & Central Asia,Upper middle income,2017,67.3787,73.3859,6.007200000000012,0.9181423134416827,70.3308355269141,19438.9917129776,6200.26118592152,46.067,95.9280700683594,92.92801,60.621208190918,7020858,0.139
SRB,Serbia,Europe & Central Asia,Upper middle income,2018,70.0816,76.7538,6.672200000000004,0.9130701020666078,73.360709154564,20454.225884367,6524.08029755191,46.379,95.5111312866211,92.5323,60.8433609008789,6982604,0.132
SRB,Serbia,Europe & Central Asia,Upper middle income,2019,73.7368,81.2243,7.487499999999997,0.9078169956527788,77.4167736219802,21541.1264037184,6870.75810896296,46.746,94.8361511230469,NA,61.0492248535156,6945235,0.118
SRB,Serbia,Europe & Central Asia,Upper middle income,2020,75.0999,81.7516,6.651699999999991,0.9186352316040298,78.36804864,21479.0788553347,6850.96742168834,46.159,93.3936004638672,NA,61.223201751709,6899126,0.113
SRB,Serbia,Europe & Central Asia,Upper middle income,2021,78.7878,83.6277,4.8399,0.9421256354054937,81.16588116,23406.3065657117,7465.67601077148,49.002,93.580436706543,NA,61.363899230957,6834326,0.113
SRB,Serbia,Europe & Central Asia,Upper middle income,2022,81.2256,85.9362,4.7105999999999995,0.945184916251824,83.53825397,24651.8478183529,7862.95387364846,50.142,95.2010726928711,NA,61.9013813540396,6664449,0.116
SRB,Serbia,Europe & Central Asia,Upper middle income,2023,84.5566,86.1911,1.6345000000000027,0.9810363250962106,85.35746686,25735.1334774195,8208.4786891507,51.414,NA,NA,62.1434649229738,6623183,0.117
SRB,Serbia,Europe & Central Asia,Upper middle income,2024,85.2017,90.278,5.076300000000003,0.9437703537960521,87.69071294,26900.7415340646,8580.26105823259,52.619,88.5398788452148,NA,62.3830029804177,6586476,NA
SLE,Sierra Leone,Sub-Saharan Africa,Low income,2015,NA,NA,NA,NA,6.344399929,2628.17058065746,964.575980888989,55.091,37.5164985656738,31.34342,40.7669565187099,7037655,0.632
SLE,Sierra Leone,Sub-Saharan Africa,Low income,2016,NA,NA,NA,NA,7.680099964,2732.26093913215,1002.77862282013,53.87,40.7735595703125,NA,41.229411538771,7205328,0.622
SLE,Sierra Leone,Sub-Saharan Africa,Low income,2017,NA,NA,NA,NA,9.297100067,2753.42719762222,1010.54694071207,52.644,41.1011695861816,38.12873,41.7106682105058,7379299,0.622
SLE,Sierra Leone,Sub-Saharan Africa,Low income,2018,NA,NA,NA,NA,14.42230034,2767.38003296688,1015.6678297205,51.415,42.5191192626953,41.00903,42.2011025267803,7554563,0.615
SLE,Sierra Leone,Sub-Saharan Africa,Low income,2019,NA,NA,NA,NA,15.71370029,2852.66269829967,1046.96778078594,51.584,60.979808807373,NA,42.7018444914441,7731991,0.612
SLE,Sierra Leone,Sub-Saharan Africa,Low income,2020,NA,NA,NA,NA,17.12080002,2752.62615355663,1010.25294614757,51.093,62.9357109069824,NA,43.2129659123546,7912558,0.613
SLE,Sierra Leone,Sub-Saharan Africa,Low income,2021,NA,NA,NA,NA,18.65390015,2849.38865839009,1045.7661615758,51.472,74.4143295288086,NA,43.7345385973699,8094602,0.612
SLE,Sierra Leone,Sub-Saharan Africa,Low income,2022,NA,NA,NA,NA,21.50880051,2934.7332634039,1077.08884538507,51.605,NA,NA,44.2666343543487,8276807,0.611
SLE,Sierra Leone,Sub-Saharan Africa,Low income,2023,NA,NA,NA,NA,23.71360016,3034.94608192505,1113.86837500697,51.774,91.7119293212891,NA,44.809324991151,8460512,0.566
SLE,Sierra Leone,Sub-Saharan Africa,Low income,2024,NA,NA,NA,NA,25.10499954,3098.76290446676,1137.29005648131,51.815,NA,NA,45.3626823156371,8642022,NA
SLB,Solomon Islands,East Asia & Pacific,Lower middle income,2015,NA,NA,NA,NA,10.00049973,2665.06620679799,2045.47721526649,82.568,NA,NA,23.6630502067213,639415,0.578
SLB,Solomon Islands,East Asia & Pacific,Lower middle income,2016,NA,NA,NA,NA,11.00090027,2715.58152252659,2084.24845745225,82.447,NA,NA,24.5047424399707,662379,0.574
SLB,Solomon Islands,East Asia & Pacific,Lower middle income,2017,NA,NA,NA,NA,15.14840031,2704.00988015555,2075.36705302305,82.401,NA,NA,25.3830535769599,685672,0.573
SLB,Solomon Islands,East Asia & Pacific,Lower middle income,2018,NA,NA,NA,NA,20.8593998,2686.46317027984,2061.8996970669,82.361,NA,NA,26.2946826684302,709101,0.568
SLB,Solomon Islands,East Asia & Pacific,Lower middle income,2019,NA,NA,NA,NA,22.48880005,2661.95770893588,2043.09139778307,82.367,NA,NA,27.275106750276,728147,0.525
SLB,Solomon Islands,East Asia & Pacific,Lower middle income,2020,NA,NA,NA,NA,24.1984005,2515.46369413305,1930.65510307199,81.602,NA,NA,28.0327555150022,744498,0.495
SLB,Solomon Islands,East Asia & Pacific,Lower middle income,2021,NA,NA,NA,NA,26.03790092,2450.18399709553,1880.5519827183,82.26,NA,NA,28.6889396820578,762591,0.481
SLB,Solomon Islands,East Asia & Pacific,Lower middle income,2022,NA,NA,NA,NA,28.017299650000002,2330.40164523401,1788.61727922057,82.309,NA,NA,29.3511689856806,781066,0.479
SLB,Solomon Islands,East Asia & Pacific,Lower middle income,2023,NA,NA,NA,NA,28.67239952,2339.87469992347,1795.88798697142,82.327,NA,NA,30.0088821088389,800005,0.478
SLB,Solomon Islands,East Asia & Pacific,Lower middle income,2024,NA,NA,NA,NA,29.04070091,2353.54960111186,1806.38367324387,82.328,NA,NA,30.6617188562194,819198,NA
SOM,"Somalia, Fed. Rep.",Sub-Saharan Africa,Low income,2015,NA,NA,NA,NA,1.75999999,1343.92517439594,445.583080073396,20.942,NA,NA,43.8618107408479,13806963,NA
SOM,"Somalia, Fed. Rep.",Sub-Saharan Africa,Low income,2016,NA,NA,NA,NA,1.879999995,1384.15517410124,458.92147682461,20.967,NA,NA,45.942842729174,14348740,NA
SOM,"Somalia, Fed. Rep.",Sub-Saharan Africa,Low income,2017,NA,NA,NA,NA,NA,1527.66029071648,506.501098879426,21.007,NA,NA,48.3639630032265,14916629,NA
SOM,"Somalia, Fed. Rep.",Sub-Saharan Africa,Low income,2018,NA,NA,NA,NA,NA,1504.97908203481,498.981065013918,21.056,NA,NA,50.9506215336872,15452487,NA
SOM,"Somalia, Fed. Rep.",Sub-Saharan Africa,Low income,2019,NA,NA,NA,NA,2.731400013,1491.29493918405,494.444039712384,21.094,NA,NA,51.6421170703225,16030971,NA
SOM,"Somalia, Fed. Rep.",Sub-Saharan Africa,Low income,2020,NA,NA,NA,NA,15.02369976,1396.05544674978,462.867053737278,20.892,NA,NA,52.286318011754,16651191,NA
SOM,"Somalia, Fed. Rep.",Sub-Saharan Africa,Low income,2021,NA,NA,NA,NA,23.87479973,1392.31782053371,461.627830726021,20.933,NA,NA,52.9060649733324,17271431,NA
SOM,"Somalia, Fed. Rep.",Sub-Saharan Africa,Low income,2022,NA,NA,NA,NA,27.6,1387.54753732191,460.046226685238,20.666,NA,NA,53.5010115886789,17801897,0.676
SOM,"Somalia, Fed. Rep.",Sub-Saharan Africa,Low income,2023,NA,NA,NA,NA,26.12010002,1401.64735228455,464.72106952561,20.707,2.75847005844116,NA,54.0714435506882,18358615,0.675
SOM,"Somalia, Fed. Rep.",Sub-Saharan Africa,Low income,2024,NA,NA,NA,NA,27.94020081,1409.33492233283,467.269910194458,20.722,NA,NA,54.6176465524521,19009151,NA
ZAF,South Africa,Sub-Saharan Africa,Upper middle income,2015,NA,NA,NA,NA,51.91910172,14541.6748613669,6112.27382485974,47.716,104.541397395068,89.8737,63.2096349937231,56723537,0.425
ZAF,South Africa,Sub-Saharan Africa,Upper middle income,2016,NA,NA,NA,NA,54,14501.2807823402,6095.295060428,47.74,109.660301208496,NA,63.2750973439347,57259551,0.411
ZAF,South Africa,Sub-Saharan Africa,Upper middle income,2017,NA,NA,NA,NA,56.16740036,14573.5980840004,6125.6920507497,48.632,110.607490539551,78.52272,63.3311078299936,57635162,0.406
ZAF,South Africa,Sub-Saharan Africa,Upper middle income,2018,NA,NA,NA,NA,62.40000153,14553.5615668957,6117.2701406047,48.518,105.538677930271,NA,63.3771545246841,58613001,0.395
ZAF,South Africa,Sub-Saharan Africa,Upper middle income,2019,NA,NA,NA,NA,69.69689941,14352.6698709871,6032.82972598668,48.579,107.597072310067,NA,63.4127255007908,59587885,0.395
ZAF,South Africa,Sub-Saharan Africa,Upper middle income,2020,NA,NA,NA,NA,72.1128006,13250.5666594456,5569.58483319272,44.148,108.468464029139,NA,63.4373088310982,60562381,0.391
ZAF,South Africa,Sub-Saharan Africa,Upper middle income,2021,NA,NA,NA,NA,74.96859741,13681.9548144813,5750.90937479584,45.413,111.094585540701,NA,63.4503925883909,61502603,0.392
ZAF,South Africa,Sub-Saharan Africa,Upper middle income,2022,NA,NA,NA,NA,78.29319763,13767.4967589936,5786.86505344736,47.118,108.68396751263,NA,63.4766699210327,62378410,0.391
ZAF,South Africa,Sub-Saharan Africa,Upper middle income,2023,NA,NA,NA,NA,78.33670044,13695.3755694076,5756.55049453121,49.052,107.464974022043,NA,63.5823705163545,63212384,0.388
ZAF,South Africa,Sub-Saharan Africa,Upper middle income,2024,NA,NA,NA,NA,78.35759735,13597.6538495998,5715.47531469148,49.801,NA,NA,63.6917984858172,64007187,NA
SSD,South Sudan,Sub-Saharan Africa,Low income,2015,NA,NA,NA,NA,3,NA,1080.14718624765,71.806,8.0513801574707,4.49366,18.8092619601773,11107561,NA
SSD,South Sudan,Sub-Saharan Africa,Low income,2016,NA,NA,NA,NA,3.5,NA,NA,71.609,NA,NA,19.0769476614377,10830102,NA
SSD,South Sudan,Sub-Saharan Africa,Low income,2017,NA,NA,NA,NA,4.1,NA,NA,71.24,NA,NA,19.3489927232944,10259154,NA
SSD,South Sudan,Sub-Saharan Africa,Low income,2018,NA,NA,NA,NA,4.800000191,NA,NA,71.286,NA,NA,19.6254143932663,10122977,NA
SSD,South Sudan,Sub-Saharan Africa,Low income,2019,NA,NA,NA,NA,6.671000004,NA,NA,71.68,NA,NA,19.9062299188719,10423384,NA
SSD,South Sudan,Sub-Saharan Africa,Low income,2020,NA,NA,NA,NA,NA,NA,NA,70.996,NA,NA,20.1914565476286,10698467,NA
SSD,South Sudan,Sub-Saharan Africa,Low income,2021,NA,NA,NA,NA,NA,NA,NA,71.344,NA,NA,20.4811115270532,10865780,NA
SSD,South Sudan,Sub-Saharan Africa,Low income,2022,NA,NA,NA,NA,NA,NA,NA,70.628,NA,NA,20.7752121046616,11021177,NA
SSD,South Sudan,Sub-Saharan Africa,Low income,2023,NA,NA,NA,NA,NA,NA,NA,70.393,NA,NA,21.0737755279692,11483374,NA
SSD,South Sudan,Sub-Saharan Africa,Low income,2024,NA,NA,NA,NA,NA,NA,NA,NA,110.429168701172,NA,21.3768190444906,11943408,NA
LKA,Sri Lanka,South Asia,Upper middle income,2015,NA,NA,NA,NA,15.26249981,13329.779343882,4057.71582716521,35.33,97.2124296159383,NA,18.796256612131,20970000,0.378
LKA,Sri Lanka,South Asia,Upper middle income,2016,NA,NA,NA,NA,22.19,13845.6146782218,4214.74117217382,35.252,96.5253510453528,NA,18.9747679368162,21209000,0.363
LKA,Sri Lanka,South Asia,Upper middle income,2017,NA,NA,NA,NA,25.07550049,14572.4858214616,4436.00789131029,36.094,97.5062635264586,90.43005,19.1507693078088,21453000,0.361
LKA,Sri Lanka,South Asia,Upper middle income,2018,NA,NA,NA,NA,28.33620071,14759.8248945226,4493.03574617534,33.105,99.2050919963165,92.25549,19.3241083384127,21670000,0.365
LKA,Sri Lanka,South Asia,Upper middle income,2019,NA,NA,NA,NA,32.02090073,14637.4442912676,4455.78188788143,34.051,NA,NA,19.4946326418437,21803000,0.367
LKA,Sri Lanka,South Asia,Upper middle income,2020,32.4864,40.2566,7.7701999999999956,0.8069832027543311,36.18473435,13886.6513728689,4227.23314530167,31.663,NA,NA,19.6621898312161,21919000,0.368
LKA,Sri Lanka,South Asia,Upper middle income,2021,41.3885,47.8577,6.469200000000001,0.8648242602548806,44.45308724,14316.1352225567,4357.97224978578,31.329,91.9800637956542,NA,19.8266275195269,22156000,0.37
LKA,Sri Lanka,South Asia,Upper middle income,2022,NA,NA,NA,NA,48.3,13249.0650505201,4033.14560306744,31.605,90.6491955714904,NA,19.9877933196367,22181000,0.367
LKA,Sri Lanka,South Asia,Upper middle income,2023,NA,NA,NA,NA,51.2,13065.0698305722,3977.13564995085,29.6,90.4491165297148,NA,20.1455348442463,22037000,0.367
LKA,Sri Lanka,South Asia,Upper middle income,2024,52.24,57.18,4.939999999999998,0.913606155998601,54.59,13793.0669827677,4198.74513727898,30.998,NA,NA,20.2996997058686,21916000,NA
LCA,St. Lucia,Latin America & Caribbean,Upper middle income,2015,NA,NA,NA,NA,57.26330185,20939.8810312364,10334.9860823918,63.495,91.9546737670898,79.99464,20.0204288176073,174905,0.362
LCA,St. Lucia,Latin America & Caribbean,Upper middle income,2016,NA,NA,NA,NA,58.22259903,21566.3058799575,10644.1612913407,63.595,91.5551681518555,80.2935,20.8164880000551,175646,0.342
LCA,St. Lucia,Latin America & Caribbean,Upper middle income,2017,NA,NA,NA,NA,59.16009903,22207.2131041263,10960.4843512477,63.695,90.8347015380859,81.87527,21.783720356472,176342,0.338
LCA,St. Lucia,Latin America & Caribbean,Upper middle income,2018,NA,NA,NA,NA,60.11259842,22761.1613461447,11233.8883578457,63.882,90.4871978759766,81.71289,22.9261241055144,177017,0.332
LCA,St. Lucia,Latin America & Caribbean,Upper middle income,2019,NA,NA,NA,NA,61.08050156,22445.2080507874,11077.9479823807,64.312,88.6840362548828,NA,24.2476974658382,177661,0.338
LCA,St. Lucia,Latin America & Caribbean,Upper middle income,2020,NA,NA,NA,NA,62.06399918,17247.9578674753,8512.8183987353,49.331,89.3361511230469,NA,25.7524386560998,178250,0.338
LCA,St. Lucia,Latin America & Caribbean,Upper middle income,2021,NA,NA,NA,NA,63.06330109,19141.3272253168,9447.30059244639,60.375,NA,NA,27.4443458949551,178522,0.328
LCA,St. Lucia,Latin America & Caribbean,Upper middle income,2022,NA,NA,NA,NA,66.95159912,22811.2524480383,11258.6110790564,62.68,91.6141891479492,NA,29.097678526676,178781,0.329
LCA,St. Lucia,Latin America & Caribbean,Upper middle income,2023,NA,NA,NA,NA,67.44390106,23636.0265940253,11665.6826047818,62.135,90.5332412719727,NA,29.0976313248036,179285,0.327
LCA,St. Lucia,Latin America & Caribbean,Upper middle income,2024,NA,NA,NA,NA,68.20500183,24699.9694711589,12190.7970890156,61.885,91.621762558665,NA,29.0973354237452,179744,NA
VCT,St. Vincent and the Grenadines,Latin America & Caribbean,Upper middle income,2015,NA,NA,NA,NA,49.40000153,14508.8609465459,7353.73556054184,54.737,116.049102783203,91.57171,46.6845638727475,106960,NA
VCT,St. Vincent and the Grenadines,Latin America & Caribbean,Upper middle income,2016,NA,NA,NA,NA,51.5,15197.7482513352,7702.8942635647,55.3,NA,92.16199,46.8116589511271,106349,NA
VCT,St. Vincent and the Grenadines,Latin America & Caribbean,Upper middle income,2017,NA,NA,NA,NA,53.70000076,15533.2212821544,7872.92690537077,55.748,NA,92.2153,46.9392900518098,105663,NA
VCT,St. Vincent and the Grenadines,Latin America & Caribbean,Upper middle income,2018,NA,NA,NA,NA,56,16139.0661084965,8179.99598957084,56.362,NA,91.64213,47.0674689446123,104926,NA
VCT,St. Vincent and the Grenadines,Latin America & Caribbean,Upper middle income,2019,NA,NA,NA,NA,59.57630157,16365.3255785124,8294.67434486665,56.844,129.843918191604,NA,47.1962073993512,104167,NA
VCT,St. Vincent and the Grenadines,Latin America & Caribbean,Upper middle income,2020,NA,NA,NA,NA,63.38100052,15763.7054382539,7989.74651933597,56.109,129.2984869326,NA,47.325517185843204,103526,NA
VCT,St. Vincent and the Grenadines,Latin America & Caribbean,Upper middle income,2021,NA,NA,NA,NA,68.83339691,16200.8994597845,8211.33588012942,56.463,130.800877674164,NA,47.4554100739049,102841,NA
VCT,St. Vincent and the Grenadines,Latin America & Caribbean,Upper middle income,2022,NA,NA,NA,NA,74.75479889,16835.023514541,8532.7381341339,57.595,130.509846236849,NA,47.585897833353,102046,NA
VCT,St. Vincent and the Grenadines,Latin America & Caribbean,Upper middle income,2023,NA,NA,NA,NA,75.53679657,17858.2446468702,9051.35208011007,58.568,126.988335100742,NA,47.7169922340041,101323,NA
VCT,St. Vincent and the Grenadines,Latin America & Caribbean,Upper middle income,2024,NA,NA,NA,NA,76.19010162,18714.198849353,9485.18771201686,59.253,125.951193912359,NA,47.8487050456749,100616,NA
SDN,Sudan,Sub-Saharan Africa,Low income,2015,NA,NA,NA,NA,12,4159.1943359375,1292.37963867188,23.304,42.1506309509277,NA,34.0914394628597,40024431,0.577
SDN,Sudan,Sub-Saharan Africa,Low income,2016,11,16.9,5.899999999999999,0.6508875739644971,14.0999999446534,4174.56103515625,1297.15454101563,22.088,40.467399597168,NA,34.1881958841213,41259892,0.579
SDN,Sudan,Sub-Saharan Africa,Low income,2017,NA,NA,NA,NA,18.60000038,4061.01831054688,1261.87353515625,20.9,43.3027687072754,NA,34.2872225663509,42714306,0.578
SDN,Sudan,Sub-Saharan Africa,Low income,2018,NA,NA,NA,NA,NA,3816.65991210938,1185.94445800781,19.704,42.4490699768066,NA,34.382054222005,44230596,0.583
SDN,Sudan,Sub-Saharan Africa,Low income,2019,NA,NA,NA,NA,NA,3625.52319335938,1126.55297851563,18.466,44.8803787231445,NA,34.4727685824236,45548175,0.589
SDN,Sudan,Sub-Saharan Africa,Low income,2020,NA,NA,NA,NA,NA,3401.24975585938,1056.86474609375,17.008,NA,NA,34.5594433789246,46789231,0.589
SDN,Sudan,Sub-Saharan Africa,Low income,2021,NA,NA,NA,NA,NA,3248.9755859375,1009.54888916016,15.807,NA,NA,34.6421563427994,48066924,0.596
SDN,Sudan,Sub-Saharan Africa,Low income,2022,NA,NA,NA,NA,NA,3132.0771484375,973.225280761719,14.452,NA,NA,34.7209852053086,49383346,0.589
SDN,Sudan,Sub-Saharan Africa,Low income,2023,NA,NA,NA,NA,NA,2181.0791015625,677.723205566406,NA,NA,NA,34.7960076976764,50042791,0.588
SDN,Sudan,Sub-Saharan Africa,Low income,2024,NA,NA,NA,NA,NA,1861.39794921875,578.38916015625,NA,NA,NA,34.8673015510839,50448963,NA
SUR,Suriname,Latin America & Caribbean,Upper middle income,2015,NA,NA,NA,NA,42.76380157,23327.5252497447,8813.61705392067,44.378,78.6041488647461,63.96008,66.1828815074718,581627,0.442
SUR,Suriname,Latin America & Caribbean,Upper middle income,2016,NA,NA,NA,NA,45.40000153,21950.4122148625,8293.31553031406,45.14,84.818447575667,NA,66.1426466980469,587757,0.425
SUR,Suriname,Latin America & Caribbean,Upper middle income,2017,NA,NA,NA,NA,48.94520187,22070.5137570835,8338.69235401862,45.334,NA,NA,66.1046467051207,593713,0.417
SUR,Suriname,Latin America & Caribbean,Upper middle income,2018,NA,NA,NA,NA,55.10210037,22938.5353715545,8666.64870697797,45.863,NA,NA,66.0693060442846,599513,0.412
SUR,Suriname,Latin America & Caribbean,Upper middle income,2019,NA,NA,NA,NA,62.03350067,22966.7405999124,8677.30522021731,46.005,82.830275343503,NA,66.0370492311305,605768,0.4
SUR,Suriname,Latin America & Caribbean,Upper middle income,2020,NA,NA,NA,NA,NA,19091.3617184226,7213.10766669943,42.93,NA,NA,66.00830078125,612317,0.399
SUR,Suriname,Latin America & Caribbean,Upper middle income,2021,NA,NA,NA,NA,NA,18458.234999681,6973.89941868115,43.581,70.7176818847656,NA,65.9853973388672,617896,0.394
SUR,Suriname,Latin America & Caribbean,Upper middle income,2022,NA,NA,NA,NA,NA,18742.5873760369,7081.33357325783,43.957,78.089997077636,NA,65.8985443115234,623164,0.392
SUR,Suriname,Latin America & Caribbean,Upper middle income,2023,NA,NA,NA,NA,87.4,19020.8663751009,7186.47308144145,44.348,NA,NA,65.7562408447266,628886,0.391
SUR,Suriname,Latin America & Caribbean,Upper middle income,2024,NA,NA,NA,NA,NA,19179.101839106,7246.25768221495,44.887,NA,NA,65.7641857200885,634431,NA
SYR,Syrian Arab Republic,"Middle East, North Africa, Afghanistan & Pakistan",Low income,2015,NA,NA,NA,NA,29.97979927,5414.83905242808,847.731545352582,12.729,NA,NA,75.7529067188542,19424618,0.484
SYR,Syrian Arab Republic,"Middle East, North Africa, Afghanistan & Pakistan",Low income,2016,NA,NA,NA,NA,31.8696003,5128.91822862296,802.968607901263,12.802,NA,NA,75.15400963398,19193834,0.477
SYR,Syrian Arab Republic,"Middle East, North Africa, Afghanistan & Pakistan",Low income,2017,NA,NA,NA,NA,32.70000076,5083.65173888422,795.881817153216,12.939,NA,NA,74.5395596323392,19224668,0.483
SYR,Syrian Arab Republic,"Middle East, North Africa, Afghanistan & Pakistan",Low income,2018,NA,NA,NA,NA,33.77000046,5061.49399424562,792.412864720441,13.137,NA,NA,74.0612602381775,19577845,0.488
SYR,Syrian Arab Republic,"Middle East, North Africa, Afghanistan & Pakistan",Low income,2019,NA,NA,NA,NA,NA,4928.02885412028,771.517948289192,13.39,NA,NA,73.8248788261986,20353534,0.49
SYR,Syrian Arab Republic,"Middle East, North Africa, Afghanistan & Pakistan",Low income,2020,NA,NA,NA,NA,NA,4810.61072632598,753.135305709477,12.668,40.9866714477539,NA,73.4125031102512,21049429,0.491
SYR,Syrian Arab Republic,"Middle East, North Africa, Afghanistan & Pakistan",Low income,2021,NA,NA,NA,NA,NA,4765.52911357702,746.077458768389,12.824,41.2969818115234,NA,73.0125007629395,21628839,0.49
SYR,Syrian Arab Republic,"Middle East, North Africa, Afghanistan & Pakistan",Low income,2022,NA,NA,NA,NA,NA,4579.43973633341,716.943843933856,13.02,42.0501708984375,NA,72.6124992370605,22462173,0.489
SYR,Syrian Arab Republic,"Middle East, North Africa, Afghanistan & Pakistan",Low income,2023,NA,NA,NA,NA,NA,NA,NA,12.879,42.0292587280273,NA,72.1673803143204,23594623,0.49
SYR,Syrian Arab Republic,"Middle East, North Africa, Afghanistan & Pakistan",Low income,2024,NA,NA,NA,NA,NA,NA,NA,12.772,41.8100318908691,NA,72.0761345758254,24672760,NA
TJK,Tajikistan,Europe & Central Asia,Lower middle income,2015,NA,NA,NA,NA,18.97999954,3041.44479553257,956.916310930656,23.907,NA,NA,26.478832244873,8643840,0.335
TJK,Tajikistan,Europe & Central Asia,Lower middle income,2016,NA,NA,NA,NA,20.46999931,3169.9667820524,997.352614556708,23.032,NA,NA,26.3718509674072,8865631,0.305
TJK,Tajikistan,Europe & Central Asia,Lower middle income,2017,NA,NA,NA,NA,21.95999908,3312.71202243506,1042.26391757642,22.25,NA,NA,26.2731513977051,9085946,0.289
TJK,Tajikistan,Europe & Central Asia,Lower middle income,2018,NA,NA,NA,NA,32.59999847,3479.69235966041,1094.8002018221,21.43,NA,NA,26.2338752746582,9307333,0.293
TJK,Tajikistan,Europe & Central Asia,Lower middle income,2019,NA,NA,NA,NA,22.68630028,3649.88375518646,1148.34676712493,20.681,NA,NA,26.1300735473633,9529966,0.292
TJK,Tajikistan,Europe & Central Asia,Lower middle income,2020,NA,NA,NA,NA,27.54409981,3724.7489591466,1171.90127480359,20.487,84.0353803669802,NA,26.1925442328719,9749310,0.279
TJK,Tajikistan,Europe & Central Asia,Lower middle income,2021,NA,NA,NA,NA,36.70560074,3985.91247611219,1254.06999592306,20.592,84.6863463051504,NA,26.1991525151375,9966908,0.275
TJK,Tajikistan,Europe & Central Asia,Lower middle income,2022,NA,NA,NA,NA,48.91429901,4213.75618362687,1325.75545290849,21.395,85.1438254472206,NA,26.1957126615618,10182222,0.262
TJK,Tajikistan,Europe & Central Asia,Lower middle income,2023,NA,NA,NA,NA,54.41550064,4472.3241378777,1407.1075436221,21.674,83.7874636593437,NA,26.1890127571429,10389799,0.258
TJK,Tajikistan,Europe & Central Asia,Lower middle income,2024,NA,NA,NA,NA,55.79339981,4755.93296704719,1496.33813395037,21.946,82.8936127916098,NA,26.1788063651548,10590927,NA
TZA,Tanzania,Sub-Saharan Africa,Lower middle income,2015,NA,NA,NA,NA,10,3111.44458007813,939.127319335938,80.123,25.9106006622314,NA,31.2061566592472,52020962,0.536
TZA,Tanzania,Sub-Saharan Africa,Lower middle income,2016,NA,NA,NA,NA,13.5042328468919,3214.24682617188,970.156127929688,80.164,25.6934364827346,24.18458,31.7577303242916,53824013,0.528
TZA,Tanzania,Sub-Saharan Africa,Lower middle income,2017,NA,NA,NA,NA,14.46339989,3318.28833007813,1001.55895996094,80.202,26.6423516825531,25.00132,32.2987013317296,55652890,0.523
TZA,Tanzania,Sub-Saharan Africa,Lower middle income,2018,NA,NA,NA,NA,15.49069977,3392.68872070313,1024.01525878906,80.234,29.1602013185307,27.31307,32.8287423010834,57437145,0.518
TZA,Tanzania,Sub-Saharan Africa,Lower middle income,2019,NA,NA,NA,NA,16.59090042,3484.63256835938,1051.7666015625,80.265,31.1972029418227,NA,33.3475258518752,59174891,0.516
TZA,Tanzania,Sub-Saharan Africa,Lower middle income,2020,NA,NA,NA,NA,19.48139954,3449.82153320313,1041.25964355469,79.344,32.1652787700855,NA,33.8547246036273,60972798,0.508
TZA,Tanzania,Sub-Saharan Africa,Lower middle income,2021,NA,NA,NA,NA,22.87540054,3493.0830078125,1054.31726074219,80.425,29.2047595977783,NA,34.3500111758619,62830412,0.507
TZA,Tanzania,Sub-Saharan Africa,Lower middle income,2022,NA,NA,NA,NA,26.86059952,3546.98095703125,1070.58532714844,80.273,NA,NA,34.8234736377147,64711821,0.506
TZA,Tanzania,Sub-Saharan Africa,Lower middle income,2023,NA,NA,NA,NA,28.43190002,3620.79345703125,1092.86413574219,80.33,NA,NA,35.4748019434954,66617606,0.504
TZA,Tanzania,Sub-Saharan Africa,Lower middle income,2024,NA,NA,NA,NA,31.16209984,3713.26293945313,1120.77416992188,80.288,NA,NA,36.1684458862992,68560157,NA
THA,Thailand,East Asia & Pacific,Upper middle income,2015,38.9316,39.7214,0.7897999999999996,0.9801165115026157,39.3161267365004,18814.0408554566,5688.85335397884,61.068,121.944808959961,77.54404,46.9521043776171,70540795,0.403
THA,Thailand,East Asia & Pacific,Upper middle income,2016,46.9545,48.0858,1.131299999999996,0.9764733039691552,47.5049656215909,19372.7128024107,5857.78052935926,60.17,122.222442626953,NA,47.8801095551247,70859841,0.394
THA,Thailand,East Asia & Pacific,Upper middle income,2017,52.0912,53.7378,1.6465999999999994,0.9693586265161581,52.8919293439676,20096.8605455164,6076.74307700082,59.351,86.0704322494438,NA,49.2311973571777,71160187,0.4
THA,Thailand,East Asia & Pacific,Upper middle income,2018,55.9048,57.7825,1.8776999999999973,0.9675040020767534,56.8174809301456,20882.1707419576,6314.19948412043,59.569,87.3145736498592,NA,54.5843734741211,71376079,0.385
THA,Thailand,East Asia & Pacific,Upper middle income,2019,65.573,67.7957,2.2227000000000032,0.9672147348578154,66.6524194587528,21280.1504518601,6434.53770518034,58.9,85.5828342157346,NA,55.9266166687012,71522271,0.31
THA,Thailand,East Asia & Pacific,Upper middle income,2020,76.7992,78.9512,2.152000000000001,0.9727426562230846,77.84374066,19950.2844063147,6032.42244606793,59.106,86.5028787913307,NA,57.2358779907227,71641484,0.307
THA,Thailand,East Asia & Pacific,Upper middle income,2021,84.2707,86.3296,2.058899999999994,0.9761507061309216,85.26956666,20236.9760408784,6119.11018526099,59.18,88.4176900305973,NA,58.5087776184082,71727332,0.301
THA,Thailand,East Asia & Pacific,Upper middle income,2022,86.7384,89.3177,2.5793000000000035,0.9711221851883781,87.97724503,20768.4800093577,6279.82250415973,59.576,94.929673800743,NA,59.742374420166,71735329,0.298
THA,Thailand,East Asia & Pacific,Upper middle income,2023,88.6092,90.5384,1.9291999999999945,0.9786919141491346,89.53525238,21245.2706771879,6423.99101164149,60.311,96.6361035696829,NA,60.9341926574707,71702435,0.288
THA,Thailand,East Asia & Pacific,Upper middle income,2024,89.9092,91.9062,1.9969999999999999,0.9782713244590681,90.86718789,21882.2142474833,6616.58539335928,59.473,94.0628144371624,NA,61.8689338391321,71668011,NA
TLS,Timor-Leste,East Asia & Pacific,Lower middle income,2015,NA,NA,NA,NA,18.60000038,4467.80007184896,1319.59297370991,61.298,75.7349709712488,55.82333,29.5043315008419,1205131,0.449
TLS,Timor-Leste,East Asia & Pacific,Lower middle income,2016,NA,NA,NA,NA,21.200000760000002,4515.422459894,1333.6585468432,61.26,80.4793824903514,60.67962,29.4462907628171,1228312,0.426
TLS,Timor-Leste,East Asia & Pacific,Lower middle income,2017,NA,NA,NA,NA,24.200000760000002,4290.02709296562,1267.08660142883,61.479,84.7672794199171,64.68879,29.3600996787092,1251703,0.432
TLS,Timor-Leste,East Asia & Pacific,Lower middle income,2018,NA,NA,NA,NA,27.60000038,4188.84099191337,1237.20064730412,61.62,87.2436736474694,67.0025,29.248617510057,1275959,0.425
TLS,Timor-Leste,East Asia & Pacific,Lower middle income,2019,NA,NA,NA,NA,28.00460052,5103.14964292207,1507.24748294374,61.034,89.6775720031834,NA,29.1148755245217,1300945,0.409
TLS,Timor-Leste,East Asia & Pacific,Lower middle income,2020,NA,NA,NA,NA,32.01269913,6594.8817078452,1947.83997138866,60.457,89.3942621030436,NA,28.9619049897647,1326053,0.403
TLS,Timor-Leste,East Asia & Pacific,Lower middle income,2021,NA,NA,NA,NA,35.04199982,6825.0458085995,2015.82039246197,61.212,NA,NA,28.7927371734472,1350139,0.405
TLS,Timor-Leste,East Asia & Pacific,Lower middle income,2022,NA,NA,NA,NA,NA,5348.49182701353,1579.71084680858,61.166,NA,NA,28.5857292288968,1369295,0.391
TLS,Timor-Leste,East Asia & Pacific,Lower middle income,2023,NA,NA,NA,NA,NA,4331.07792560386,1279.2112241611,60.774,NA,NA,28.595471832952,1384286,0.394
TLS,Timor-Leste,East Asia & Pacific,Lower middle income,2024,NA,NA,NA,NA,NA,3890.95754653453,1149.21889002201,61.457,NA,NA,28.6641074179574,1400638,NA
TGO,Togo,Sub-Saharan Africa,Lower middle income,2015,NA,NA,NA,NA,7.1199998859999996,2588.27260980499,813.894676975085,55.644,NA,NA,39.7162551272934,7071502,0.582
TGO,Togo,Sub-Saharan Africa,Lower middle income,2016,NA,NA,NA,NA,11.31000042,2648.90084835076,832.959515987733,55.686,NA,NA,40.1485878279739,7200884,0.586
TGO,Togo,Sub-Saharan Africa,Lower middle income,2017,8.61106,16.31,7.698939999999999,0.5279619865113427,12.3602249692905,2708.61122396846,851.735728621337,55.738,51.5055745468098,33.45215,40.5809463430719,7324386,0.589
TGO,Togo,Sub-Saharan Africa,Lower middle income,2018,NA,NA,NA,NA,15.5,2787.56398409759,876.562800915869,55.799,NA,NA,41.013328267781,7458206,0.587
TGO,Togo,Sub-Saharan Africa,Lower middle income,2019,NA,NA,NA,NA,20.72730064,2862.62661160331,900.166602437871,55.867,NA,NA,41.445731197295,7619925,0.585
TGO,Togo,Sub-Saharan Africa,Lower middle income,2020,NA,NA,NA,NA,29.02370071,2861.29796240513,899.748802355348,55.335,NA,NA,41.8781527268075,7788054,0.573
TGO,Togo,Sub-Saharan Africa,Lower middle income,2021,NA,NA,NA,NA,30.33839989,2952.09730066985,928.301087692897,55.664,56.962123807999,NA,42.3105904515122,7936176,0.569
TGO,Togo,Sub-Saharan Africa,Lower middle income,2022,NA,NA,NA,NA,35.60749817,3086.40878742334,970.535975822983,56.238,NA,NA,42.7332327975627,8068616,0.568
TGO,Togo,Sub-Saharan Africa,Lower middle income,2023,NA,NA,NA,NA,37.57020187,3215.82300022488,1011.2308927823,56.49,59.0849653049812,NA,43.2496853032436,8223850,0.564
TGO,Togo,Sub-Saharan Africa,Lower middle income,2024,NA,NA,NA,NA,39.48320007,3351.24993111939,1053.81653764697,56.604,NA,NA,43.8148491605996,8406558,NA
TON,Tonga,East Asia & Pacific,Upper middle income,2015,NA,NA,NA,NA,38.65129852,6195.43302733786,4123.90347238813,43.081,108.722566122679,83.70213,23.2434422818439,106095,0.77
TON,Tonga,East Asia & Pacific,Upper middle income,2016,NA,NA,NA,NA,39.95000076,6639.98719699561,4419.8147470039,42.935,NA,NA,23.1277038505921,105524,0.769
TON,Tonga,East Asia & Pacific,Upper middle income,2017,NA,NA,NA,NA,46.20080185,6863.54796430087,4568.62484962494,42.774,NA,NA,22.9711300654966,105356,0.426
TON,Tonga,East Asia & Pacific,Upper middle income,2018,NA,NA,NA,NA,48.80789948,6885.98490469718,4583.55968565688,42.606,NA,NA,22.7017138925547,105567,0.425
TON,Tonga,East Asia & Pacific,Upper middle income,2019,NA,NA,NA,NA,51.56299973,6859.71739851786,4566.07508700721,42.647,101.290988897495,NA,22.3288155626206,105669,0.45
TON,Tonga,East Asia & Pacific,Upper middle income,2020,NA,NA,NA,NA,54.47370148,6981.30436453629,4647.0077529158,42.28,96.1400359066427,NA,21.8766206823411,105704,0.446
TON,Tonga,East Asia & Pacific,Upper middle income,2021,NA,NA,NA,NA,57.549,6930.06482518663,4612.90086913298,42.596,106.296201886311,NA,21.258003897665,105490,0.774
TON,Tonga,East Asia & Pacific,Upper middle income,2022,NA,NA,NA,NA,61.60739899,6811.48234641523,4533.96809820124,42.617,101.076767164935,NA,21.147219451842,105042,0.483
TON,Tonga,East Asia & Pacific,Upper middle income,2023,NA,NA,NA,NA,64.13140106,7031.32021704688,4680.30010664357,42.617,97.895246159429007,NA,21.147944541337,104597,0.444
TON,Tonga,East Asia & Pacific,Upper middle income,2024,NA,NA,NA,NA,67.4417038,7180.98743332878,4779.92399898557,42.5,96.0905349794239,NA,21.1505271125521,104175,NA
TUN,Tunisia,"Middle East, North Africa, Afghanistan & Pakistan",Lower middle income,2015,NA,NA,NA,NA,46.4999943435776,12802.7917211433,4014.94773686432,26.072,NA,NA,67.8807907104492,11402264,0.265
TUN,Tunisia,"Middle East, North Africa, Afghanistan & Pakistan",Lower middle income,2016,NA,NA,NA,NA,49.5999948415756,12803.8797371543,4015.28893802703,26.647,95.4877166748047,NA,68.0623356528248,11528674,0.252
TUN,Tunisia,"Middle East, North Africa, Afghanistan & Pakistan",Lower middle income,2017,NA,NA,NA,NA,55.5001550633671,12955.4014814241,4062.80606534519,26.477,NA,NA,68.2877807617188,11650498,0.245
TUN,Tunisia,"Middle East, North Africa, Afghanistan & Pakistan",Lower middle income,2018,NA,NA,NA,NA,64.1908102327387,13163.1952230357,4127.97005697994,27.383,NA,NA,68.5485240272509,11765514,0.236
TUN,Tunisia,"Middle East, North Africa, Afghanistan & Pakistan",Lower middle income,2019,61.1126,72.462,11.349400000000003,0.8433744583367834,66.6999983024144,13243.9024233246,4153.27978615515,28.272,NA,NA,68.8206382576031,11875081,0.253
TUN,Tunisia,"Middle East, North Africa, Afghanistan & Pakistan",Lower middle income,2020,NA,NA,NA,NA,68.55639648,11955.5983698479,3749.26841452928,26.274,NA,NA,69.1043166438476,11974057,0.227
TUN,Tunisia,"Middle East, North Africa, Afghanistan & Pakistan",Lower middle income,2021,NA,NA,NA,NA,68.31552226,12444.326402688701,3902.53322990199,26.698,NA,NA,69.3997523770568,12048622,0.206
TUN,Tunisia,"Middle East, North Africa, Afghanistan & Pakistan",Lower middle income,2022,NA,NA,NA,NA,NA,12712.22345453,3986.54558325666,27.519,NA,NA,69.707138648303,12119334,0.206
TUN,Tunisia,"Middle East, North Africa, Afghanistan & Pakistan",Lower middle income,2023,NA,NA,NA,NA,NA,12650.9615158166,3967.33387634534,26.781,NA,NA,70.0266686486584,12200431,0.238
TUN,Tunisia,"Middle East, North Africa, Afghanistan & Pakistan",Lower middle income,2024,NA,NA,NA,NA,76.5,12774.9158568021,4006.20588267443,26.635,NA,NA,70.3585355691955,12277109,NA
TUR,Turkiye,Europe & Central Asia,Upper middle income,2015,44.0396,63.5388,19.499200000000002,0.6931134991532732,53.7449791423583,25984.8027306177,11064.6494504662,31.416,106.707969665527,85.78301,87.2167107972537,78218479,0.332
TUR,Turkiye,Europe & Central Asia,Upper middle income,2016,49.1718,67.591,18.419199999999996,0.7274903463478866,58.3477340145685,26489.6436816046,11279.6169531569,32.38,108.04418182373,84.77001,88.1020958581776,79277962,0.324
TUR,Turkiye,Europe & Central Asia,Upper middle income,2017,56.6377,72.7684,16.130699999999997,0.7783282303857169,64.6846176835371,28194.688309381,12005.6459824832,33.533,110.961929321289,86.04436,88.0320472717286,80312698,0.305
TUR,Turkiye,Europe & Central Asia,Upper middle income,2018,63.9338,78.1806,14.2468,0.8177706489845307,71.0427608433809,28780.3036458151,12255.0082146169,34.115,111.409126281738,NA,88.1655749576173,81407204,0.281
TUR,Turkiye,Europe & Central Asia,Upper middle income,2019,67.5984,80.402,12.803600000000003,0.8407552050944006,73.9767022871511,28741.0535082701,12238.2950220128,34.289,110.276336669922,NA,88.6618152857124,82579440,0.27
TUR,Turkiye,Europe & Central Asia,Upper middle income,2020,72.0757,83.2962,11.220500000000001,0.8652939749952578,77.6695605,28976.7179161611,12338.643833135,30.83,111.511711120605,NA,88.9303114965222,83384680,0.266
TUR,Turkiye,Europe & Central Asia,Upper middle income,2021,76.3604,86.4711,10.110700000000008,0.8830742294246284,81.40843745,32105.5474400506,13670.938029516,32.774,113.14852142334,NA,89.1762048153239,84147318,0.253
TUR,Turkiye,Europe & Central Asia,Upper middle income,2022,79.3063,87.5838,8.277500000000003,0.9054905130857532,83.43716576,33520.8111384208,14273.5747654873,35.018,114.45539855957,NA,89.0381164550781,84979913,0.24
TUR,Turkiye,Europe & Central Asia,Upper middle income,2023,82.1321,89.7969,7.6648,0.9146429331079358,85.96074155,35069.1701714685,14932.8851363122,35.764,116.872711181641,NA,89.0218446796121,85325965,0.227
TUR,Turkiye,Europe & Central Asia,Upper middle income,2024,83.9343,90.6883,6.754000000000005,0.9255251228659044,87.3078767,36154.490436557,15395.0278894893,36.786,NA,NA,89.3443122873887,85518661,NA
TKM,Turkmenistan,Europe & Central Asia,Upper middle income,2015,NA,NA,NA,NA,14.99680042,12926.6637306966,5759.497903834,39.461,NA,NA,47.0100189007695,6215770,NA
TKM,Turkmenistan,Europe & Central Asia,Upper middle income,2016,NA,NA,NA,NA,17.99029922,13420.3849717471,5979.47627661058,39.273,NA,NA,47.0227025249994,6360041,NA
TKM,Turkmenistan,Europe & Central Asia,Upper middle income,2017,NA,NA,NA,NA,NA,13963.4045877295,6221.41962759021,39.089,NA,NA,47.0334857399476,6507061,NA
TKM,Turkmenistan,Europe & Central Asia,Upper middle income,2018,NA,NA,NA,NA,NA,14499.1684377606,6460.13015920839,38.933,NA,NA,47.0423948717765,6655524,NA
TKM,Turkmenistan,Europe & Central Asia,Upper middle income,2019,NA,NA,NA,NA,NA,15080.9034007693,6719.32320157703,38.788,85.1072153533862,NA,47.0494562466485,6803944,NA
TKM,Turkmenistan,Europe & Central Asia,Upper middle income,2020,NA,NA,NA,NA,NA,15630.9145192529,6964.38162887016,37.61,87.9286483161618,NA,47.0546961907259,6949912,NA
TKM,Turkmenistan,Europe & Central Asia,Upper middle income,2021,NA,NA,NA,NA,NA,16259.8700051884,7244.61385880341,37.839,90.9738998413086,NA,47.0581410301711,7092043,NA
TKM,Turkmenistan,Europe & Central Asia,Upper middle income,2022,NA,NA,NA,NA,NA,16943.6046037141,7549.25301930356,38.385,93.1647186279297,NA,47.0592103414926,7230193,NA
TKM,Turkmenistan,Europe & Central Asia,Upper middle income,2023,NA,NA,NA,NA,NA,17685.8585929282,7879.96559789716,38.228,NA,NA,47.0678875054171,7364438,NA
TKM,Turkmenistan,Europe & Central Asia,Upper middle income,2024,NA,NA,NA,NA,NA,18470.7438450744,8229.67261114232,38.35,94.7373803445767,NA,47.0875253910294,7494498,NA
TUV,Tuvalu,East Asia & Pacific,Upper middle income,2015,NA,NA,NA,NA,27.299999239999998,4277.7146690273,3352.66722400181,NA,96.6386566162109,77.3386,58.9148502652344,10963,NA
TUV,Tuvalu,East Asia & Pacific,Upper middle income,2016,NA,NA,NA,NA,31,4495.57215692486,3523.41345550387,NA,85.5491333007812,63.42412,59.4744768348285,10930,NA
TUV,Tuvalu,East Asia & Pacific,Upper middle income,2017,NA,NA,NA,NA,35.20000076,4668.54376684727,3658.98029250415,NA,NA,NA,59.9531274910912,10869,NA
TUV,Tuvalu,East Asia & Pacific,Upper middle income,2018,NA,NA,NA,NA,NA,4785.23289965077,3750.43562817208,NA,86.4122085571289,71.19497,60.5596409590777,10751,NA
TUV,Tuvalu,East Asia & Pacific,Upper middle income,2019,NA,NA,NA,NA,NA,5515.89953720794,4323.09703196938,NA,85.4070663452148,NA,61.2406529218636,10581,NA
TUV,Tuvalu,East Asia & Pacific,Upper middle income,2020,NA,NA,NA,NA,NA,5442.36321121293,4265.46279289261,NA,79.6899224806202,NA,61.9212610534937,10399,NA
TUV,Tuvalu,East Asia & Pacific,Upper middle income,2021,NA,NA,NA,NA,NA,5551.80841999248,4351.24068896314,NA,96.5023847376789,NA,62.6098296425994,10194,NA
TUV,Tuvalu,East Asia & Pacific,Upper middle income,2022,NA,NA,NA,NA,NA,5044.53984578911,3953.66795349958,NA,100,NA,63.3065768081154,9992,NA
TUV,Tuvalu,East Asia & Pacific,Upper middle income,2023,NA,NA,NA,NA,NA,5315.16301028104,4165.7693870564,NA,104.873949579832,NA,64.0117206689787,9816,NA
TUV,Tuvalu,East Asia & Pacific,Upper middle income,2024,NA,NA,NA,NA,NA,5592.18723602659,4382.8876648687,NA,104.399323181049,NA,64.7254793441291,9646,NA
UGA,Uganda,Sub-Saharan Africa,Low income,2015,NA,NA,NA,NA,5.699999809,2520.0201028843,862.934610355811,73.722,NA,NA,24.9777856560427,37531446,0.539
UGA,Uganda,Sub-Saharan Africa,Low income,2016,NA,NA,NA,NA,5.9,2554.22769062073,874.648370639216,71.587,NA,NA,25.6953567134098,38799152,0.534
UGA,Uganda,Sub-Saharan Africa,Low income,2017,NA,NA,NA,NA,7.417900085,2543.84754394956,871.093880017151,69.217,NA,NA,26.4139260579546,40177388,0.535
UGA,Uganda,Sub-Saharan Africa,Low income,2018,NA,NA,NA,NA,9.326299667,2613.87976413963,895.07512785438,71.687,NA,NA,27.1280475018884,41565831,0.528
UGA,Uganda,Sub-Saharan Africa,Low income,2019,NA,NA,NA,NA,11.72579956,2689.41009144919,920.939101515671,73.85,NA,NA,27.8369781799403,42999637,0.528
UGA,Uganda,Sub-Saharan Africa,Low income,2020,NA,NA,NA,NA,7.4,2678.00907202293,917.0350317644,73.976,NA,NA,28.5399752271502,44457152,0.525
UGA,Uganda,Sub-Saharan Africa,Low income,2021,NA,NA,NA,NA,10,2684.92035939744,919.401675217265,74.672,NA,NA,29.2362957789022,45910930,0.525
UGA,Uganda,Sub-Saharan Africa,Low income,2022,NA,NA,NA,NA,9.636899948,2724.90609568409,933.094056370423,75.364,NA,NA,29.9251969709665,47312719,0.525
UGA,Uganda,Sub-Saharan Africa,Low income,2023,NA,NA,NA,NA,9.286999702,2791.05576885861,955.745797275462,75.445,NA,NA,30.6059359395495,48656601,0.524
UGA,Uganda,Sub-Saharan Africa,Low income,2024,7.5879200000000004,10.5867,2.99878,0.7167408163072535,8.949831061,2879.67009290376,986.090145363924,75.556,NA,NA,31.2777698213557,50015092,NA
UKR,Ukraine,Europe & Central Asia,Upper middle income,2015,46.5416,51.6021,5.0604999999999976,0.9019322857015509,48.8846436813218,15403.7099609375,2094.47387695313,50.36,89.8863449960325,NA,69.1587317201337,45784896,NA
UKR,Ukraine,Europe & Central Asia,Upper middle income,2016,51.3048,54.9604,3.6555999999999997,0.9334866558467552,53.0009695981884,15856.8125,2156.0830078125,50.072,88.2942638037531,NA,69.2102241609089,45616832,NA
UKR,Ukraine,Europe & Central Asia,Upper middle income,2017,57.0003,61.0895,4.089199999999998,0.9330621465227249,58.8894794459775,16310.3603515625,2217.7529296875,49.785,86.8121857927259,NA,69.2633108489282,45436041,NA
UKR,Ukraine,Europe & Central Asia,Upper middle income,2018,59.972,65.5468,5.574800000000003,0.9149493186547627,62.5531553933869,16978.984375,2308.6669921875,49.498,85.9279826554464,NA,69.3157992777909,45208907,NA
UKR,Ukraine,Europe & Central Asia,Upper middle income,2019,68.1751,72.3862,4.211100000000002,0.941824546667735,70.1248442995263,17636.5546875,2398.07836914063,49.214,84.7468835528529,NA,69.3527648708735,44957458,NA
UKR,Ukraine,Europe & Central Asia,Upper middle income,2020,72.5446,77.9238,5.379199999999997,0.930968458930391,75.03790912,17092.5390625,2324.107421875,48.1,84.7870132572542,NA,69.3839100516745,44680014,NA
UKR,Ukraine,Europe & Central Asia,Upper middle income,2021,76.8126,82.0031,5.1905,0.9367036124244084,79.21829353,17846.408203125,2426.6123046875,47.738,85.0508078338962,NA,69.4027032653896,44298640,NA
UKR,Ukraine,Europe & Central Asia,Upper middle income,2022,NA,NA,NA,NA,80.47429657,13787.12109375,1874.66296386719,NA,NA,NA,69.42345912103,41048766,NA
UKR,Ukraine,Europe & Central Asia,Upper middle income,2023,NA,NA,NA,NA,81.58059692,15916.9580078125,2164.26123046875,NA,87.33740234375,NA,69.4754455027606,37732836,NA
UKR,Ukraine,Europe & Central Asia,Upper middle income,2024,NA,NA,NA,NA,82.47489929,16371.44140625,2226.05810546875,NA,86.3840713500977,NA,69.5315643200148,37860221,NA
UZB,Uzbekistan,Europe & Central Asia,Lower middle income,2015,NA,NA,NA,NA,42.79999924,7792.23605983713,3172.89899391083,39.447,91.938963197135,88.34952,50.6597328186035,30749346,0.276
UZB,Uzbekistan,Europe & Central Asia,Lower middle income,2016,NA,NA,NA,NA,46.79130173,8172.9216949615,3327.90932206401,39.57,92.4681516255333,89.2629,50.6572189331055,31284568,0.267
UZB,Uzbekistan,Europe & Central Asia,Lower middle income,2017,43.0468,54.4,11.353200000000001,0.7913014705882353,48.6999988524556,8413.29975299494,3425.78819696408,39.652,93.5591792866064,90.35013,50.6787376403809,31819178,0.259
UZB,Uzbekistan,Europe & Central Asia,Lower middle income,2018,50.0255,60.4,10.374499999999998,0.8282367549668874,55.2000006732722,8742.5491991216,3559.85436594803,39.739,94.8141255682856,NA,50.5814971923828,32373490,0.267
UZB,Uzbekistan,Europe & Central Asia,Lower middle income,2019,65.9178,74.9,8.982200000000006,0.8800774365821095,70.3999986481458,9169.01147508351,3733.50435754861,39.89,96.2599029541016,NA,50.5920104980469,32964701,0.269
UZB,Uzbekistan,Europe & Central Asia,Lower middle income,2020,69.9073,72.3,2.3926999999999907,0.9669059474412173,71.09999824,9145.23119844239,3723.82133264406,39.097,90.407816338473,NA,50.7670402526855,33586372,0.266
UZB,Uzbekistan,Europe & Central Asia,Lower middle income,2021,72.5694,80.6333,8.063900000000004,0.8999929309602857,76.59043014,9705.60054565692,3951.99657327359,39.587,96.6067427080091,NA,50.9269905090332,34243696,0.293
UZB,Uzbekistan,Europe & Central Asia,Lower middle income,2022,80.9131,86.9,5.986900000000006,0.9311058688147296,83.90000012,10091.3877869999,4109.08421031655,41.1,96.8054259764286,NA,50.9847412109375,34938955,0.297
UZB,Uzbekistan,Europe & Central Asia,Lower middle income,2023,87.1292,90.9056,3.7764000000000095,0.9584580047873837,89.01361047,10514.0955721447,4281.20542121225,41.24,97.0191649872622,NA,50.9964841114568,35652307,0.291
UZB,Uzbekistan,Europe & Central Asia,Lower middle income,2024,NA,NA,NA,NA,89.50550079,10997.1707291644,4477.90745486742,41.273,96.4939184204858,NA,50.9986686706543,36361859,NA
VUT,Vanuatu,East Asia & Pacific,Lower middle income,2015,NA,NA,NA,NA,22.35140038,3825.81231400229,3214.41948587141,55.728,56.5349197387695,49.82538,24.8626945764242,266101,0.799
VUT,Vanuatu,East Asia & Pacific,Lower middle income,2016,NA,NA,NA,NA,NA,3877.08354643548,3257.49719984988,55.283,NA,NA,24.8654875642873,272087,0.8
VUT,Vanuatu,East Asia & Pacific,Lower middle income,2017,NA,NA,NA,NA,NA,3947.67824193203,3316.81034596861,54.838,NA,NA,24.7644441456437,278507,0.799
VUT,Vanuatu,East Asia & Pacific,Lower middle income,2018,NA,NA,NA,NA,NA,3951.18453122592,3319.75630455318,54.395,NA,NA,24.2729727045038,285259,0.799
VUT,Vanuatu,East Asia & Pacific,Lower middle income,2019,NA,NA,NA,NA,NA,3986.65620021472,3349.5593410421,53.95,NA,NA,23.5024668917075,291985,0.797
VUT,Vanuatu,East Asia & Pacific,Lower middle income,2020,NA,NA,NA,NA,NA,3671.97390565303,3085.16558189305,53.445,62.0561790466309,NA,22.4186852094794,298858,0.796
VUT,Vanuatu,East Asia & Pacific,Lower middle income,2021,NA,NA,NA,NA,NA,3546.08021896872,2979.39062838967,54.624,64.2566909790039,NA,22.2501822422475,305868,0.795
VUT,Vanuatu,East Asia & Pacific,Lower middle income,2022,NA,NA,NA,NA,NA,3658.51871182046,3073.86062658113,53.631,82.8080237164725,NA,22.2541249733107,313046,0.562
VUT,Vanuatu,East Asia & Pacific,Lower middle income,2023,NA,NA,NA,NA,NA,3782.82649029418,3178.3031116212,53.604,134.925790252936,NA,22.2651966823901,320409,0.556
VUT,Vanuatu,East Asia & Pacific,Lower middle income,2024,NA,NA,NA,NA,NA,3837.03937446048,3223.85237984109,53.531,NA,NA,22.2866933360645,327777,NA
VEN,"Venezuela, RB",Latin America & Caribbean,Lower middle income,2015,NA,NA,NA,NA,58,NA,4096.61989137473,48.27,92.9153289794922,77.21328,88.9539804079292,30573972,0.492
VEN,"Venezuela, RB",Latin America & Caribbean,Lower middle income,2016,NA,NA,NA,NA,60,NA,3374.43091608185,47.867,89.12158203125,76.00991,88.9914428378712,30765720,0.509
VEN,"Venezuela, RB",Latin America & Caribbean,Lower middle income,2017,NA,NA,NA,NA,NA,NA,2863.33227846365,46.185,87.9344787597656,76.7969,89.0287726100378,30565323,0.489
VEN,"Venezuela, RB",Latin America & Caribbean,Lower middle income,2018,NA,NA,NA,NA,NA,NA,2359.38238345005,44.85,NA,NA,89.0659636921159,29807592,0.488
VEN,"Venezuela, RB",Latin America & Caribbean,Lower middle income,2019,NA,NA,NA,NA,49.05009842,NA,1759.05547364548,42.344,NA,NA,89.1030100517924,28938098,0.487
VEN,"Venezuela, RB",Latin America & Caribbean,Lower middle income,2020,NA,NA,NA,NA,72.44110107,NA,1255.86457068119,36.887,NA,NA,89.1399056567545,28444077,0.513
VEN,"Venezuela, RB",Latin America & Caribbean,Lower middle income,2021,NA,NA,NA,NA,74.11219788,NA,1272.94397516527,37.368,NA,NA,89.1766444746891,28237826,0.512
VEN,"Venezuela, RB",Latin America & Caribbean,Lower middle income,2022,NA,NA,NA,NA,75.82180023,NA,1376.93801227125,35.32,100.249549865723,NA,89.2132204732836,28213017,0.512
VEN,"Venezuela, RB",Latin America & Caribbean,Lower middle income,2023,NA,NA,NA,NA,76.33190155,NA,1427.88655943805,36.158,101.692710876465,NA,89.249627620225,28300854,0.512
VEN,"Venezuela, RB",Latin America & Caribbean,Lower middle income,2024,NA,NA,NA,NA,76.67890167,NA,1501.22207949327,37.332,102.248580932617,NA,89.285859883201,28405543,NA
VNM,Viet Nam,East Asia & Pacific,Upper middle income,2015,NA,NA,NA,NA,45,9248.02396069622,2577.56885340113,72.863,83.8337492903167,NA,32.3810945365679,92823254,0.339
VNM,Viet Nam,East Asia & Pacific,Upper middle income,2016,NA,NA,NA,NA,53,9743.1882231455,2715.57887431272,72.53,86.3064277183873,NA,32.8476189285136,94000117,0.327
VNM,Viet Nam,East Asia & Pacific,Upper middle income,2017,NA,NA,NA,NA,58.1400000036297,10290.5487142244,2868.13680013379,72.575,87.6304773371075,NA,33.3625963003742,95176977,0.325
VNM,Viet Nam,East Asia & Pacific,Upper middle income,2018,NA,NA,NA,NA,69.8479286837965,10936.8937859558,3048.28327602145,72.897,88.6447461101443,NA,33.9410227821412,96237319,0.32
VNM,Viet Nam,East Asia & Pacific,Upper middle income,2019,65.5048,71.8479,6.343099999999993,0.9117148865868037,68.6615802057338,11628.6139147451,3241.07648966529,71.511,89.7093994425268,NA,34.6239134999511,97173776,0.318
VNM,Viet Nam,East Asia & Pacific,Upper middle income,2020,66.8778,73.75,6.8722000000000065,0.906817627118644,70.300000120000007,11851.3965685649,3303.16949807493,69.095,89.4501554566878,NA,35.5706676299742,98079191,0.312
VNM,Viet Nam,East Asia & Pacific,Upper middle income,2021,71.4934,76.9435,5.450100000000006,0.9291675060271497,74.20999985,12048.9019935536,3358.21734764714,69.107,90.3080638471257,NA,36.6540656426603,98935098,0.302
VNM,Viet Nam,East Asia & Pacific,Upper middle income,2022,75.5952,81.6,6.004799999999989,0.9264117647058825,78.58999918,12979.7638983711,3617.66311280437,69.878,90.5445572317873,NA,37.5478515625,99680655,0.3
VNM,Viet Nam,East Asia & Pacific,Upper middle income,2023,75.8894,80.32,4.430599999999998,0.9448381474103585,78.08,13534.7997843016,3772.36029116103,69.215,NA,NA,38.1298904418945,100352192,0.299
VNM,Viet Nam,East Asia & Pacific,Upper middle income,2024,82.2272,86.08,3.852800000000002,0.9552416356877323,84.15,14396.4217369473,4012.50779921084,68.905,NA,NA,38.4900703430176,100987686,NA
PSE,West Bank and Gaza,"Middle East, North Africa, Afghanistan & Pakistan",Lower middle income,2015,NA,NA,NA,NA,56.70000076,6072.65031768549,3272.15432360708,17.998,89.9287548247777,87.5119,85.2182174537886,4270092,NA
PSE,West Bank and Gaza,"Middle East, North Africa, Afghanistan & Pakistan",Lower middle income,2016,NA,NA,NA,NA,59.90000153,6464.13352537371,3483.09903532972,17.435,90.2320188949519,89.13671,85.3377390706351,4367088,NA
PSE,West Bank and Gaza,"Middle East, North Africa, Afghanistan & Pakistan",Lower middle income,2017,NA,NA,NA,NA,63.29999924,6426.79521615335,3462.97986107136,17.665,91.1514747935572,91.22223,85.3782255354,4454805,NA
PSE,West Bank and Gaza,"Middle East, North Africa, Afghanistan & Pakistan",Lower middle income,2018,60.2284,68.4727,8.244300000000003,0.8795972701529222,64.3999937114499,6342.9374800852,3417.79440837962,17.665,91.43948440818,91.23447,85.5351131070872,4569087,NA
PSE,West Bank and Gaza,"Middle East, North Africa, Afghanistan & Pakistan",Lower middle income,2019,68.9345,72.2626,3.3281000000000063,0.953944364027865,70.6225837001758,6269.89134527985,3378.4346209191,18.383,92.1069779946866,NA,85.8136174183656,4685306,NA
PSE,West Bank and Gaza,"Middle East, North Africa, Afghanistan & Pakistan",Lower middle income,2020,NA,NA,NA,NA,76.18160248,5423.68254653126,2922.46801084844,16.431,92.3509100224999,NA,86.0741183743925,4803269,NA
PSE,West Bank and Gaza,"Middle East, North Africa, Afghanistan & Pakistan",Lower middle income,2021,NA,NA,NA,NA,NA,5663.12160743584,3051.48607007995,17.545,92.9705244906805,NA,86.334956387337,4922749,NA
PSE,West Bank and Gaza,"Middle East, North Africa, Afghanistan & Pakistan",Lower middle income,2022,88.1969,89.0841,0.8872000000000071,0.9900408714910965,88.64690554,5753.08395899307,3099.9609010368,18.934,92.7547421358175,NA,86.5961423216016,5043612,NA
PSE,West Bank and Gaza,"Middle East, North Africa, Afghanistan & Pakistan",Lower middle income,2023,86.2802,86.9849,0.7047000000000025,0.9918985938938827,86.63765334,5562.4244256395305,2997.22694077849,NA,92.1529721719084,NA,86.8576870415886,5165775,NA
PSE,West Bank and Gaza,"Middle East, North Africa, Afghanistan & Pakistan",Lower middle income,2024,NA,NA,NA,NA,NA,4190.90911333626,2258.20698667764,NA,NA,NA,87.1196014117004,5289152,NA
YEM,"Yemen, Rep.","Middle East, North Africa, Afghanistan & Pakistan",Low income,2015,NA,NA,NA,NA,24.08539963,NA,1362.1738120601,5.207,NA,NA,32.3883178702702,31159379,0.824
YEM,"Yemen, Rep.","Middle East, North Africa, Afghanistan & Pakistan",Low income,2016,NA,NA,NA,NA,24.57920074,NA,1197.95865971172,5.117,36.8241691589355,40.19504,32.9512008005236,32109010,0.824
YEM,"Yemen, Rep.","Middle East, North Africa, Afghanistan & Pakistan",Low income,2017,NA,NA,NA,NA,NA,NA,1103.45634849842,5.041,NA,NA,33.5586912522175,33090921,0.825
YEM,"Yemen, Rep.","Middle East, North Africa, Afghanistan & Pakistan",Low income,2018,NA,NA,NA,NA,NA,NA,1079.32938366255,4.987,NA,NA,34.2106045810864,34085182,0.825
YEM,"Yemen, Rep.","Middle East, North Africa, Afghanistan & Pakistan",Low income,2019,NA,NA,NA,NA,17.49099922,NA,NA,4.937,NA,NA,34.9067561732024,35111408,0.809
YEM,"Yemen, Rep.","Middle East, North Africa, Afghanistan & Pakistan",Low income,2020,NA,NA,NA,NA,NA,NA,NA,4.899,NA,NA,35.7025604580302,36134863,0.808
YEM,"Yemen, Rep.","Middle East, North Africa, Afghanistan & Pakistan",Low income,2021,NA,NA,NA,NA,NA,NA,NA,4.875,NA,NA,36.0704951256305,37140230,0.839
YEM,"Yemen, Rep.","Middle East, North Africa, Afghanistan & Pakistan",Low income,2022,NA,NA,NA,NA,NA,NA,NA,4.801,NA,NA,36.3226310308295,38222876,0.839
YEM,"Yemen, Rep.","Middle East, North Africa, Afghanistan & Pakistan",Low income,2023,NA,NA,NA,NA,NA,NA,NA,4.752,NA,NA,36.5707979836506,39390799,0.838
YEM,"Yemen, Rep.","Middle East, North Africa, Afghanistan & Pakistan",Low income,2024,NA,NA,NA,NA,NA,NA,NA,4.705,NA,NA,36.8077517596594,40583164,NA
ZMB,Zambia,Sub-Saharan Africa,Lower middle income,2015,NA,NA,NA,NA,8.8,3576.92544834125,1295.87788680068,51.787,NA,NA,41.9555104679652,16399089,0.561
ZMB,Zambia,Sub-Saharan Africa,Lower middle income,2016,NA,NA,NA,NA,10.30000019,3598.17166023389,1303.57513869133,51.893,NA,NA,42.3442476889162,16914423,0.536
ZMB,Zambia,Sub-Saharan Africa,Lower middle income,2017,NA,NA,NA,NA,12.19999981,3612.50597664593,1308.76829240086,52.012,NA,NA,42.7295979877011,17441320,0.534
ZMB,Zambia,Sub-Saharan Africa,Lower middle income,2018,13.1725,15.5215,2.349,0.8486615340012241,14.2999970950012,3646.95966481655,1321.25045711573,52.138,NA,NA,43.1114735233156,17973569,0.529
ZMB,Zambia,Sub-Saharan Africa,Lower middle income,2019,NA,NA,NA,NA,14.47189999,3591.56418883108,1301.18132976178,52.172,NA,NA,43.4897864547552,18513839,0.521
ZMB,Zambia,Sub-Saharan Africa,Lower middle income,2020,NA,NA,NA,NA,14.64579964,3391.59541156095,1228.73500113195,54.406,NA,NA,43.8644489410157,19059395,0.523
ZMB,Zambia,Sub-Saharan Africa,Lower middle income,2021,NA,NA,NA,NA,14.82190037,3503.03491418372,1269.10821808895,54.123,NA,NA,44.2353731410926,19603607,0.526
ZMB,Zambia,Sub-Saharan Africa,Lower middle income,2022,NA,NA,NA,NA,15,3585.12379084347,1298.8480495593,53.968,NA,NA,44.5988511178469,20152938,0.525
ZMB,Zambia,Sub-Saharan Africa,Lower middle income,2023,NA,NA,NA,NA,16.45070076,3673.4841969922,1330.85998216751,56.361,NA,NA,45.0285853521585,20723965,0.524
ZMB,Zambia,Sub-Saharan Africa,Lower middle income,2024,NA,NA,NA,NA,17.10099983,3708.06904295647,1343.38966380353,56.366,59.0707702636719,NA,45.4703838491279,21314956,NA
ZWE,Zimbabwe,Sub-Saharan Africa,Lower middle income,2015,NA,NA,NA,NA,22.74279976,5102.73642537223,1387.12632595026,60.384,NA,NA,33.5612641766874,14399013,0.533
ZWE,Zimbabwe,Sub-Saharan Africa,Lower middle income,2016,NA,NA,NA,NA,23.12000084,5070.42413209981,1378.34256192374,60.441,NA,NA,34.0799460726314,14600294,0.529
ZWE,Zimbabwe,Sub-Saharan Africa,Lower middle income,2017,NA,NA,NA,NA,24.39999962,5234.4065377844,1422.91948946927,60.522,NA,NA,34.7014953017273,14812482,0.52
ZWE,Zimbabwe,Sub-Saharan Africa,Lower middle income,2018,NA,NA,NA,NA,25,5415.49322028193,1472.14603844842,60.617,NA,NA,35.4085538807905,15034452,0.52
ZWE,Zimbabwe,Sub-Saharan Africa,Lower middle income,2019,NA,NA,NA,NA,26.5883007,4993.86546928208,1357.53087818754,60.719,NA,NA,36.1837638266364,15271368,0.525
ZWE,Zimbabwe,Sub-Saharan Africa,Lower middle income,2020,29.6914,28.8779,-0.8135000000000012,1.0281703309451173,29.29856532,4527.73949219254,1230.81933361016,59.43,NA,NA,37.0097671560802,15526888,0.519
ZWE,Zimbabwe,Sub-Saharan Africa,Lower middle income,2021,NA,NA,NA,NA,32.5923996,4827.10960165994,1312.20001358807,60.12,NA,NA,37.8692058859373,15797210,0.519
ZWE,Zimbabwe,Sub-Saharan Africa,Lower middle income,2022,NA,NA,NA,NA,36.25650024,5036.78317732239,1369.19761495571,59.769,NA,NA,38.7055207169041,16069056,0.52
ZWE,Zimbabwe,Sub-Saharan Africa,Lower middle income,2023,NA,NA,NA,NA,38.67480087,5218.0452659639795,1418.47184628799,62.178,NA,NA,39.2919370795795,16340822,0.519
ZWE,Zimbabwe,Sub-Saharan Africa,Lower middle income,2024,NA,NA,NA,NA,41.64279938,5211.89755587954,1416.80065463874,62.115,NA,NA,39.8933716820696,16634373,NA
